Well_ID,Longitude,Latitude,GWLm,altitude_m,well_depth_m,bottom_elevation_m,VHG_predicted_raw,VHG_predicted,VHG_observed,VHG_final,has_observed_VHG,period
285959095192701,-95.324000,29.000000,-21.710000,1.511808,76.504800,-74.992992,0.065311,0.065311,,0.065311,False,1980-1985
290000095192601,-95.324000,29.000000,-23.290000,1.487424,71.932800,-70.445376,0.063636,0.063636,,0.063636,False,1980-1985
290000095192602,-95.325000,29.000000,-23.260000,1.517904,70.713600,-69.195696,0.062573,0.062573,,0.062573,False,1980-1985
290100095253201,-95.426000,29.016000,-27.360000,2.971800,101.193600,-98.221800,0.063450,0.063450,,0.063450,False,1980-1985
290125095243901,-95.411000,29.024000,-22.030000,4.553712,76.809600,-72.255888,0.054371,0.054371,,0.054371,False,1980-1985
290126095244901,-95.414000,29.024000,-18.400000,4.468368,78.333600,-73.865232,0.050321,0.050321,,0.050321,False,1980-1985
290130095243901,-95.411000,29.025000,-21.720000,4.553712,97.536000,-92.982288,0.054768,0.054768,,0.054768,False,1980-1985
290134095231001,-95.386000,29.026000,-16.700000,3.084576,64.617600,-61.533024,0.060931,0.060931,,0.060931,False,1980-1985
290158095233502,-95.393000,29.033000,-15.770000,3.697224,71.323200,-67.625976,0.064527,0.064527,,0.064527,False,1980-1985
290159095262701,-95.441000,29.033000,-36.570000,3.974592,101.193600,-97.219008,0.053309,0.053309,,0.053309,False,1980-1985
290209095265101,-95.448000,29.036000,-31.280000,3.685032,98.450400,-94.765368,0.066699,0.066699,,0.066699,False,1980-1985
290245095261201,-95.437000,29.046000,-34.790000,5.413248,106.070400,-100.657152,0.058530,0.058530,,0.058530,False,1980-1985
290320095253801,-95.427000,29.056000,-30.360000,5.199888,103.022400,-97.822512,0.066789,0.066789,,0.066789,False,1980-1985
290429095072803,-95.125000,29.075000,-9.310000,1.514856,87.172800,-85.657944,0.072858,0.072858,,0.072858,False,1980-1985
290654095321001,-95.536000,29.115000,1.580000,7.650480,65.532000,-57.881520,0.135287,0.135287,,0.135287,False,1980-1985
290754095033502,-95.060000,29.132000,0.290000,1.524000,91.440000,-89.916000,0.108982,0.108982,,0.108982,False,1980-1985
290818095025201,-95.048000,29.139000,-2.650000,1.511808,91.440000,-89.928192,0.102672,0.102672,,0.102672,False,1980-1985
290834095384201,-95.645000,29.143000,-9.600000,10.448544,200.863200,-190.414656,0.115435,0.115435,,0.115435,False,1980-1985
290839095411901,-95.689000,29.144000,5.150000,11.155680,198.120000,-186.964320,0.129618,0.129618,,0.129618,False,1980-1985
290846095385301,-95.648000,29.146000,-15.510000,10.658856,192.024000,-181.365144,0.139789,0.139789,,0.139789,False,1980-1985
290857095334801,-95.564000,29.149000,0.720000,6.193536,125.272800,-119.079264,0.117832,0.117832,,0.117832,False,1980-1985
290939095480601,-95.802000,29.161000,2.700000,15.230856,152.400000,-137.169144,0.104355,0.104355,,0.104355,False,1980-1985
291014095375001,-95.631000,29.171000,-14.810000,10.128504,198.120000,-187.991496,0.136037,0.136037,,0.136037,False,1980-1985
291030095261001,-95.436000,29.175000,-26.560000,8.936736,268.528800,-259.592064,0.162540,0.150000,,0.150000,False,1980-1985
291055095482501,-95.807000,29.182000,3.050000,16.136112,121.615200,-105.479088,0.104955,0.104955,,0.104955,False,1980-1985
291114095213001,-95.359000,29.188000,2.160000,4.575048,102.108000,-97.532952,0.098862,0.098862,,0.098862,False,1980-1985
291138095261501,-95.438000,29.194000,-27.910000,9.131808,249.631200,-240.499392,0.169757,0.150000,0.188776,0.188776,True,1980-1985
291157095271901,-95.456000,29.199000,5.580000,10.058400,73.152000,-63.093600,0.157463,0.150000,0.168411,0.168411,True,1980-1985
291201095200701,-95.336000,29.201000,-17.240000,4.328160,292.608000,-288.279840,0.053926,0.053926,,0.053926,False,1980-1985
291204095264001,-95.445000,29.201000,-20.010000,10.027920,245.973600,-235.945680,0.146460,0.146460,0.148046,0.148046,True,1980-1985
291210095484001,-95.811000,29.203000,4.330000,16.809720,144.170400,-127.360680,0.125586,0.125586,,0.125586,False,1980-1985
291228095283001,-95.475000,29.208000,2.020000,10.515600,64.008000,-53.492400,0.139280,0.139280,,0.139280,False,1980-1985
291545095202401,-95.341000,29.263000,-5.100000,7.924800,156.667200,-148.742400,0.077048,0.077048,,0.077048,False,1980-1985
291641095151901,-95.256000,29.278000,-1.670000,4.456176,102.108000,-97.651824,0.084375,0.084375,,0.084375,False,1980-1985
291759095391401,-95.654000,29.300000,-10.470000,16.852392,146.913600,-130.061208,0.116129,0.116129,,0.116129,False,1980-1985
291808095261701,-95.438000,29.302000,-15.170000,12.271248,356.006400,-343.735152,0.104947,0.104947,,0.104947,False,1980-1985
291859095152601,-95.257000,29.317000,-14.760000,7.549896,106.680000,-99.130104,0.076853,0.076853,,0.076853,False,1980-1985
291919095485101,-95.814000,29.322000,-5.350000,22.783800,265.480800,-242.697000,0.143474,0.143474,,0.143474,False,1980-1985
291948095135401,-95.232000,29.330000,-19.060000,6.220968,121.920000,-115.699032,0.066818,0.066818,,0.066818,False,1980-1985
291949095024801,-95.047000,29.331000,-22.430000,6.016752,230.428800,-224.412048,0.008131,0.008131,,0.008131,False,1980-1985
292007094575401,-94.965000,29.336000,-27.010000,1.972056,193.243200,-191.271144,-0.017179,-0.017179,,-0.017179,False,1980-1985
292037095010501,-95.018000,29.344000,-24.270000,4.270248,329.184000,-324.913752,-0.049056,-0.049056,-0.043109,-0.043109,True,1980-1985
292050095010501,-95.018000,29.348000,-26.230000,4.888992,240.792000,-235.903008,-0.037739,-0.037739,-0.022020,-0.022020,True,1980-1985
292050095010801,-95.019000,29.348000,-31.360000,4.980432,219.456000,-214.475568,-0.055600,-0.055600,-0.064199,-0.064199,True,1980-1985
292054095171901,-95.289000,29.349000,-12.320000,9.067800,144.170400,-135.102600,0.049957,0.049957,,0.049957,False,1980-1985
292109094562901,-94.942000,29.353000,-35.990000,3.066288,195.986400,-192.920112,-0.143548,-0.143548,-0.144946,-0.144946,True,1980-1985
292138095435801,-95.733000,29.361000,-6.510000,22.799040,364.236000,-341.436960,0.093999,0.093999,0.109454,0.109454,True,1980-1985
292144095033601,-95.060000,29.363000,-25.540000,6.105144,269.443200,-263.338056,0.022798,0.022798,,0.022798,False,1980-1985
292151095035901,-95.067000,29.364000,-25.480000,6.245352,270.662400,-264.417048,0.022798,0.022798,,0.022798,False,1980-1985
292155095041001,-95.070000,29.366000,-23.920000,6.105144,266.090400,-259.985256,0.019471,0.019471,,0.019471,False,1980-1985
292159095042101,-95.073000,29.367000,-24.510000,6.105144,263.956800,-257.851656,0.020821,0.020821,,0.020821,False,1980-1985
292159095450501,-95.752000,29.367000,14.820000,22.908768,169.468800,-146.560032,0.104707,0.104707,0.109454,0.109454,True,1980-1985
292203095043201,-95.076000,29.368000,-24.060000,7.223760,256.946400,-249.722640,0.020349,0.020349,,0.020349,False,1980-1985
292204095042901,-95.075000,29.368000,-25.760000,6.089904,266.395200,-260.305296,0.020659,0.020659,,0.020659,False,1980-1985
292204095043601,-95.077000,29.368000,-25.040000,7.519416,254.812800,-247.293384,0.020090,0.020090,,0.020090,False,1980-1985
292204095281301,-95.471000,29.368000,-10.670000,15.264384,281.330400,-266.066016,0.052856,0.052856,,0.052856,False,1980-1985
292205095043701,-95.077000,29.368000,-24.690000,7.363968,259.080000,-251.716032,0.021519,0.021519,,0.021519,False,1980-1985
292207094544001,-94.911000,29.369000,-30.200000,2.026920,196.596000,-194.569080,-0.100015,-0.100015,-0.089564,-0.089564,True,1980-1985
292208095042701,-95.074000,29.369000,-25.400000,5.952744,236.220000,-230.267256,0.014028,0.014028,,0.014028,False,1980-1985
292209094564701,-94.947000,29.369000,-20.430000,4.529328,304.800000,-300.270672,-0.124395,-0.124395,-0.144946,-0.144946,True,1980-1985
292209095042801,-95.075000,29.369000,-25.690000,5.821680,260.604000,-254.782320,0.016077,0.016077,,0.016077,False,1980-1985
292209095265501,-95.449000,29.369000,-14.430000,15.685008,172.212000,-156.526992,0.041926,0.041926,,0.041926,False,1980-1985
292209095265502,-95.449000,29.369000,-14.430000,15.685008,172.212000,-156.526992,0.041926,0.041926,,0.041926,False,1980-1985
292210095044501,-95.079000,29.370000,-19.090000,7.504176,256.032000,-248.527824,0.028680,0.028680,,0.028680,False,1980-1985
292211094543301,-94.909000,29.370000,-18.190000,2.295144,317.601600,-315.306456,-0.072136,-0.072136,-0.093633,-0.093633,True,1980-1985
292211095044501,-95.079000,29.370000,-24.860000,7.339584,249.021600,-241.682016,0.017568,0.017568,,0.017568,False,1980-1985
292213094541401,-94.904000,29.371000,-21.420000,1.978152,309.372000,-307.393848,-0.065375,-0.065375,-0.054248,-0.054248,True,1980-1985
292222094564801,-94.947000,29.373000,-20.570000,4.523232,312.420000,-307.896768,-0.124252,-0.124252,-0.124046,-0.124046,True,1980-1985
292223094544401,-94.912000,29.373000,-20.130000,2.590800,309.981600,-307.390800,-0.071055,-0.071055,-0.071320,-0.071320,True,1980-1985
292226094562801,-94.941000,29.374000,-21.380000,4.447032,312.115200,-307.668168,-0.117714,-0.117714,,-0.117714,False,1980-1985
292229094565301,-94.948000,29.375000,-38.060000,4.666488,217.322400,-212.655912,-0.174698,-0.150000,-0.186368,-0.186368,True,1980-1985
292229094565801,-94.950000,29.375000,-20.330000,4.629912,312.420000,-307.790088,-0.131680,-0.131680,-0.143160,-0.143160,True,1980-1985
292232094553401,-94.926000,29.376000,-21.810000,3.770376,291.693600,-287.923224,-0.069799,-0.069799,-0.067148,-0.067148,True,1980-1985
292233094541501,-94.904000,29.376000,-25.520000,3.185160,235.000800,-231.815640,-0.066981,-0.066981,-0.071320,-0.071320,True,1980-1985
292235094562701,-94.941000,29.377000,-20.910000,4.053840,304.800000,-300.746160,-0.122421,-0.122421,,-0.122421,False,1980-1985
292239094570301,-94.951000,29.378000,-20.490000,4.471416,306.324000,-301.852584,-0.132364,-0.132364,-0.151765,-0.151765,True,1980-1985
292248094532301,-94.890000,29.380000,-27.630000,3.401568,190.500000,-187.098432,-0.060292,-0.060292,-0.051623,-0.051623,True,1980-1985
292303094553201,-94.926000,29.384000,-25.690000,4.096512,221.894400,-217.797888,-0.060354,-0.060354,-0.056478,-0.056478,True,1980-1985
292305094554801,-94.930000,29.385000,-26.940000,4.108704,217.932000,-213.823296,-0.074291,-0.074291,-0.069231,-0.069231,True,1980-1985
292314094563001,-94.942000,29.387000,-26.820000,3.044952,213.969600,-210.924648,-0.077009,-0.077009,-0.065432,-0.065432,True,1980-1985
292324094573801,-94.961000,29.390000,-32.660000,2.974848,224.637600,-221.662752,-0.125299,-0.125299,-0.147462,-0.147462,True,1980-1985
292327094575901,-94.967000,29.391000,-31.750000,3.392424,196.291200,-192.898776,-0.083618,-0.083618,,-0.083618,False,1980-1985
292330094542701,-94.908000,29.392000,-39.040000,2.947416,232.867200,-229.919784,-0.080553,-0.080553,,-0.080553,False,1980-1985
292333094545001,-94.914000,29.393000,-27.100000,2.999232,232.562400,-229.563168,-0.042526,-0.042526,,-0.042526,False,1980-1985
292336094550901,-94.919000,29.394000,-36.360000,1.609344,234.086400,-232.477056,-0.064984,-0.064984,,-0.064984,False,1980-1985
292336095063301,-95.109000,29.394000,-29.520000,8.613648,245.364000,-236.750352,0.024739,0.024739,,0.024739,False,1980-1985
292337094542801,-94.908000,29.394000,-27.520000,3.005328,235.305600,-232.300272,-0.049599,-0.049599,,-0.049599,False,1980-1985
292338095063601,-95.110000,29.394000,-30.880000,8.479536,265.176000,-256.696464,0.026803,0.026803,,0.026803,False,1980-1985
292350095002201,-95.006000,29.398000,-24.250000,6.096000,266.395200,-260.299200,-0.038300,-0.038300,,-0.038300,False,1980-1985
292358095062001,-95.106000,29.400000,-30.880000,8.034528,236.524800,-228.490272,0.022747,0.022747,,0.022747,False,1980-1985
292359094544601,-94.913000,29.400000,-39.670000,1.524000,235.305600,-233.781600,-0.068935,-0.068935,,-0.068935,False,1980-1985
292359095501601,-95.838000,29.400000,4.550000,28.114752,132.588000,-104.473248,0.036376,0.036376,,0.036376,False,1980-1985
292403095052601,-95.091000,29.401000,-30.950000,7.888224,235.000800,-227.112576,0.017504,0.017504,,0.017504,False,1980-1985
292405095052101,-95.089000,29.402000,-31.810000,7.680960,234.696000,-227.015040,0.018109,0.018109,,0.018109,False,1980-1985
292431094555601,-94.933000,29.409000,-21.180000,2.060448,272.491200,-270.430752,-0.084982,-0.084982,,-0.084982,False,1980-1985
292439094553101,-94.926000,29.411000,-29.200000,1.837944,239.268000,-237.430056,-0.022110,-0.022110,,-0.022110,False,1980-1985
292440095053801,-95.094000,29.411000,-31.150000,7.153656,232.867200,-225.713544,0.016388,0.016388,0.019635,0.019635,True,1980-1985
292443095045201,-95.081000,29.412000,-31.120000,7.601712,238.048800,-230.447088,0.024279,0.024279,0.020550,0.020550,True,1980-1985
292456095560101,-95.934000,29.416000,14.280000,28.980384,171.907200,-142.926816,-0.000174,-0.000174,,-0.000174,False,1980-1985
292458094534201,-94.895000,29.416000,-9.470000,1.615440,64.008000,-62.392560,0.045432,0.045432,,0.045432,False,1980-1985
292458094534203,-94.895000,29.416000,-17.090000,1.615440,121.920000,-120.304560,0.021224,0.021224,0.031048,0.031048,True,1980-1985
292458094534204,-94.895000,29.416000,-24.150000,1.615440,163.068000,-161.452560,-0.005951,-0.005951,-0.017248,-0.017248,True,1980-1985
292458094534205,-94.895000,29.416000,-21.390000,1.615440,323.088000,-321.472560,0.001714,0.001714,0.013961,0.013961,True,1980-1985
292458094534206,-94.895000,29.416000,-20.870000,1.789176,243.840000,-242.050824,0.011100,0.011100,0.018798,0.018798,True,1980-1985
292459095451901,-95.756000,29.417000,7.530000,22.427184,193.852800,-171.425616,0.082904,0.082904,,0.082904,False,1980-1985
292500095451701,-95.755000,29.417000,-0.700000,22.418040,201.168000,-178.749960,0.063682,0.063682,,0.063682,False,1980-1985
292516094560701,-94.936000,29.421000,-36.670000,1.524000,199.948800,-198.424800,-0.049412,-0.049412,,-0.049412,False,1980-1985
292527095561701,-95.938000,29.424000,13.850000,29.016960,122.834400,-93.817440,-0.004413,-0.004413,-0.008587,-0.008587,True,1980-1985
292530095560701,-95.936000,29.425000,14.300000,28.949904,73.152000,-44.202096,0.007098,0.007098,0.009490,0.009490,True,1980-1985
292533095052101,-95.089000,29.426000,-33.880000,4.663440,369.417600,-364.754160,0.000528,0.000528,0.011500,0.011500,True,1980-1985
292533095052701,-95.091000,29.426000,-32.920000,5.721096,234.696000,-228.974904,0.010497,0.010497,0.007070,0.007070,True,1980-1985
292534095044501,-95.079000,29.426000,-32.450000,6.483096,246.888000,-240.404904,0.017808,0.017808,0.011500,0.011500,True,1980-1985
292542095082301,-95.140000,29.429000,-36.340000,6.263640,206.349600,-200.085960,0.013564,0.013564,,0.013564,False,1980-1985
292548094565601,-94.949000,29.430000,-36.340000,1.517904,210.921600,-209.403696,-0.057287,-0.057287,,-0.057287,False,1980-1985
292603095571401,-95.954000,29.434000,14.240000,28.995624,180.136800,-151.141176,-0.002903,-0.002903,0.007884,0.007884,True,1980-1985
292605095571301,-95.954000,29.435000,15.390000,28.931616,179.832000,-150.900384,-0.012825,-0.012825,-0.018283,-0.018283,True,1980-1985
292611095012901,-95.025000,29.437000,-32.300000,5.440680,213.360000,-207.919320,-0.022006,-0.022006,-0.034136,-0.034136,True,1980-1985
292611095563901,-95.944000,29.437000,13.200000,29.775912,189.890400,-160.114488,0.009942,0.009942,0.009804,0.009804,True,1980-1985
292617095065501,-95.116000,29.438000,-36.810000,5.769864,224.332800,-218.562936,0.013041,0.013041,,0.013041,False,1980-1985
292617095561201,-95.937000,29.438000,14.760000,29.419296,114.604800,-85.185504,-0.002454,-0.002454,0.007884,0.007884,True,1980-1985
292619095060601,-95.102000,29.439000,-36.470000,5.111496,228.600000,-223.488504,0.004079,0.004079,-0.018334,-0.018334,True,1980-1985
292647095014901,-95.031000,29.447000,-34.570000,4.882896,146.304000,-141.421104,-0.027348,-0.027348,-0.034136,-0.034136,True,1980-1985
292757095150601,-95.252000,29.466000,-40.810000,11.689080,177.088800,-165.399720,0.033158,0.033158,,0.033158,False,1980-1985
292841094584901,-94.984000,29.481000,-52.330000,3.264408,201.168000,-197.903592,-0.041236,-0.041236,,-0.041236,False,1980-1985
292848094590001,-94.981000,29.478000,-55.360000,3.176016,198.424800,-195.248784,-0.046743,-0.046743,,-0.046743,False,1980-1985
292853095381301,-95.637000,29.482000,-16.260000,21.732240,244.754400,-223.022160,0.063131,0.063131,,0.063131,False,1980-1985
292855095380901,-95.636000,29.482000,-17.760000,21.860256,261.823200,-239.962944,0.060769,0.060769,,0.060769,False,1980-1985
292859095380501,-95.635000,29.483000,-13.920000,20.698968,259.994400,-239.295432,0.058806,0.058806,,0.058806,False,1980-1985
292900094585501,-94.983000,29.483000,-53.430000,3.858768,202.387200,-198.528432,-0.041962,-0.041962,,-0.041962,False,1980-1985
292903095375501,-95.632000,29.484000,-16.670000,22.201632,213.969600,-191.767968,0.051348,0.051348,,0.051348,False,1980-1985
292913094584301,-94.979000,29.487000,-53.170000,3.502152,202.996800,-199.494648,-0.042821,-0.042821,,-0.042821,False,1980-1985
292927095195801,-95.333000,29.491000,-19.470000,17.062704,146.304000,-129.241296,0.079840,0.079840,,0.079840,False,1980-1985
292933094544002,-94.911000,29.493000,-9.990000,3.054096,60.960000,-57.905904,0.022309,0.022309,,0.022309,False,1980-1985
292935094583301,-94.978000,29.492000,-50.430000,3.496056,204.216000,-200.719944,-0.042199,-0.042199,,-0.042199,False,1980-1985
292938095595801,-96.000000,29.494000,21.030000,32.869632,175.869600,-142.999968,0.091891,0.091891,,0.091891,False,1980-1985
293000095171201,-95.256000,29.550000,-48.450000,13.624560,188.976000,-175.351440,0.029586,0.029586,,0.029586,False,1980-1985
293000095171701,-95.288000,29.500000,-46.030000,12.652248,189.585600,-176.933352,0.028690,0.028690,,0.028690,False,1980-1985
293001095274601,-95.463000,29.501000,-12.020000,19.266408,159.715200,-140.448792,0.099733,0.099733,,0.099733,False,1980-1985
293004095054601,-95.096000,29.501000,-46.750000,6.038088,231.648000,-225.609912,0.003215,0.003215,-0.030021,-0.030021,True,1980-1985
293005095151801,-95.255000,29.515000,-46.760000,12.417552,180.136800,-167.719248,0.030415,0.030415,,0.030415,False,1980-1985
293008095330601,-95.552000,29.503000,-7.360000,17.330928,128.016000,-110.685072,0.131421,0.131421,,0.131421,False,1980-1985
293023095273101,-95.459000,29.507000,-11.290000,19.458432,139.903200,-120.444768,0.099487,0.099487,,0.099487,False,1980-1985
293026095170101,-95.284000,29.508000,-36.220000,13.155168,178.308000,-165.152832,0.053187,0.053187,,0.053187,False,1980-1985
293032095064301,-95.112000,29.509000,-46.860000,2.971800,182.880000,-179.908200,-0.001613,-0.001613,,-0.001613,False,1980-1985
293039095053201,-95.093000,29.511000,-48.540000,4.703064,170.688000,-165.984936,-0.013384,-0.013384,-0.030021,-0.030021,True,1980-1985
293040095481801,-95.805000,29.511000,-8.710000,28.014168,285.597600,-257.583432,0.096987,0.096987,,0.096987,False,1980-1985
293132095283301,-95.476000,29.526000,-48.520000,22.094952,402.336000,-380.241048,0.119642,0.119642,,0.119642,False,1980-1985
293136095121001,-95.203000,29.527000,-52.130000,8.805672,170.688000,-161.882328,0.026809,0.026809,,0.026809,False,1980-1985
293146095115901,-95.200000,29.530000,-38.560000,9.061704,166.116000,-157.054296,0.058203,0.058203,,0.058203,False,1980-1985
293148095060801,-95.103000,29.530000,-60.800000,3.459480,193.852800,-190.393320,-0.027933,-0.027933,,-0.027933,False,1980-1985
293156094515501,-94.866000,29.532000,-31.930000,0.000000,208.178400,-208.178400,0.006420,0.006420,,0.006420,False,1980-1985
293202095070301,-95.118000,29.533000,-50.070000,6.294120,196.596000,-190.301880,0.017168,0.017168,,0.017168,False,1980-1985
293207095061501,-95.104000,29.535000,-48.350000,5.599176,202.387200,-196.788024,0.007148,0.007148,,0.007148,False,1980-1985
293214095262501,-95.441000,29.538000,-14.700000,21.052536,122.529600,-101.477064,0.095415,0.095415,,0.095415,False,1980-1985
293222095020301,-95.034000,29.540000,-68.860000,2.090928,179.832000,-177.741072,-0.038614,-0.038614,,-0.038614,False,1980-1985
293223095010701,-95.019000,29.540000,-60.820000,3.569208,171.602400,-168.033192,-0.070661,-0.070661,,-0.070661,False,1980-1985
293230095024701,-95.047000,29.542000,-52.720000,2.718816,214.884000,-212.165184,-0.022807,-0.022807,,-0.022807,False,1980-1985
293237095454001,-95.761000,29.544000,-4.410000,28.279344,168.859200,-140.579856,0.028535,0.028535,,0.028535,False,1980-1985
293243094521101,-94.870000,29.546000,-29.860000,0.000000,182.880000,-182.880000,0.013867,0.013867,,0.013867,False,1980-1985
293243095165201,-95.281000,29.546000,-52.480000,14.542008,252.984000,-238.441992,0.050627,0.050627,,0.050627,False,1980-1985
293245095414801,-95.697000,29.546000,-21.340000,24.740616,256.032000,-231.291384,0.064819,0.064819,,0.064819,False,1980-1985
293247095054601,-95.096000,29.546000,-52.330000,4.943856,207.264000,-202.320144,0.004111,0.004111,,0.004111,False,1980-1985
293247095054602,-95.096000,29.547000,-50.910000,4.745736,207.264000,-202.518264,0.005116,0.005116,,0.005116,False,1980-1985
293304095344901,-95.581000,29.551000,-30.560000,20.153376,136.550400,-116.397024,0.096398,0.096398,0.114726,0.114726,True,1980-1985
293306095050801,-95.084000,29.552000,-54.680000,3.694176,207.264000,-203.569824,0.001485,0.001485,,0.001485,False,1980-1985
293306095054101,-95.096000,29.552000,-44.200000,5.989320,234.696000,-228.706680,0.036414,0.036414,,0.036414,False,1980-1985
293311095532201,-95.890000,29.553000,8.770000,33.006792,118.872000,-85.865208,0.039144,0.039144,,0.039144,False,1980-1985
293312095071501,-95.121000,29.554000,-48.370000,6.144768,201.168000,-195.023232,0.010166,0.010166,0.020766,0.020766,True,1980-1985
293312095334601,-95.561000,29.553000,-51.990000,21.421344,324.612000,-303.190656,0.081367,0.081367,0.114726,0.114726,True,1980-1985
293315095063401,-95.110000,29.554000,-47.970000,5.422392,200.253600,-194.831208,0.007124,0.007124,0.023542,0.023542,True,1980-1985
293326095325001,-95.547000,29.558000,-47.310000,20.543520,373.380000,-352.836480,0.041784,0.041784,,0.041784,False,1980-1985
293328095301401,-95.504000,29.558000,-52.580000,22.372320,304.800000,-282.427680,0.073539,0.073539,,0.073539,False,1980-1985
293344095082301,-95.140000,29.563000,-49.100000,9.866376,193.548000,-183.681624,0.016533,0.016533,,0.016533,False,1980-1985
293348095070601,-95.119000,29.564000,-51.300000,5.769864,375.513600,-369.743736,0.014150,0.014150,0.016770,0.016770,True,1980-1985
293348095070602,-95.119000,29.564000,-39.520000,5.769864,119.481600,-113.711736,0.058507,0.058507,,0.058507,False,1980-1985
293348095070603,-95.119000,29.564000,-50.100000,5.769864,291.693600,-285.923736,0.025035,0.025035,0.016674,0.016674,True,1980-1985
293349095070901,-95.119000,29.564000,-55.780000,5.998464,530.352000,-524.353536,0.013845,0.013845,0.023101,0.023101,True,1980-1985
293352095011601,-95.021000,29.565000,-43.970000,2.523744,420.928800,-418.405056,-0.027645,-0.027645,-0.026370,-0.026370,True,1980-1985
293352095011602,-95.021000,29.565000,-44.630000,2.453640,420.928800,-418.475160,-0.025516,-0.025516,-0.022722,-0.022722,True,1980-1985
293352095011603,-95.021000,29.565000,-43.170000,2.453640,398.678400,-396.224760,-0.030250,-0.030250,-0.035029,-0.035029,True,1980-1985
293352095011605,-95.021000,29.565000,-24.150000,2.453640,91.440000,-88.986360,0.017855,0.017855,,0.017855,False,1980-1985
293352095011606,-95.021000,29.565000,-47.180000,2.453640,280.416000,-277.962360,-0.027856,-0.027856,-0.028382,-0.028382,True,1980-1985
293353095011501,-95.021000,29.565000,-51.610000,2.752344,165.506400,-162.754056,-0.057565,-0.057565,-0.033017,-0.033017,True,1980-1985
293357095070801,-95.119000,29.566000,-53.090000,6.025896,192.024000,-185.998104,0.005378,0.005378,-0.000896,-0.000896,True,1980-1985
293400095072601,-95.124000,29.567000,-53.300000,7.254240,193.548000,-186.293760,0.001999,0.001999,-0.001783,-0.001783,True,1980-1985
293402095054401,-95.096000,29.567000,-50.050000,5.446776,182.880000,-177.433224,0.008572,0.008572,,0.008572,False,1980-1985
293408095055901,-95.100000,29.569000,-50.840000,5.955792,191.109600,-185.153808,0.013710,0.013710,0.014564,0.014564,True,1980-1985
293416095170701,-95.286000,29.572000,-45.800000,14.042136,396.240000,-382.197864,0.032282,0.032282,,0.032282,False,1980-1985
293424095031001,-95.053000,29.574000,-50.480000,3.547872,190.195200,-186.647328,-0.006515,-0.006515,,-0.006515,False,1980-1985
293424095330702,-95.552000,29.573000,-50.940000,20.619720,402.336000,-381.716280,0.053654,0.053654,,0.053654,False,1980-1985
293442095515801,-95.866000,29.579000,12.060000,33.195768,106.680000,-73.484232,0.047268,0.047268,,0.047268,False,1980-1985
293442095515802,-95.866000,29.579000,12.060000,33.195768,106.680000,-73.484232,0.047268,0.047268,,0.047268,False,1980-1985
293443095014601,-95.030000,29.579000,-53.190000,4.532376,202.692000,-198.159624,-0.046188,-0.046188,-0.046226,-0.046226,True,1980-1985
293446095033901,-95.061000,29.580000,-51.050000,4.617720,201.168000,-196.550280,0.015328,0.015328,,0.015328,False,1980-1985
293448095223201,-95.376000,29.580000,-54.200000,16.206216,174.345600,-158.139384,0.046240,0.046240,,0.046240,False,1980-1985
293448095223202,-95.376000,29.580000,-35.600000,16.206216,176.174400,-159.968184,0.092070,0.092070,,0.092070,False,1980-1985
293455095255603,-95.433000,29.582000,-29.180000,18.553176,115.519200,-96.966024,0.114962,0.114962,,0.114962,False,1980-1985
293455095375701,-95.633000,29.582000,-23.240000,21.345144,141.122400,-119.777256,0.091974,0.091974,0.087620,0.087620,True,1980-1985
293508095344101,-95.578000,29.586000,-51.500000,20.385024,367.284000,-346.898976,0.068132,0.068132,,0.068132,False,1980-1985
293516095021601,-95.038000,29.588000,-51.240000,2.962656,204.216000,-201.253344,-0.029474,-0.029474,,-0.029474,False,1980-1985
293525095364701,-95.613000,29.591000,-42.800000,19.790664,336.804000,-317.013336,0.061178,0.061178,0.064066,0.064066,True,1980-1985
293528095515701,-95.869000,29.592000,14.960000,35.439096,128.625600,-93.186504,0.044276,0.044276,,0.044276,False,1980-1985
293542095333501,-95.560000,29.595000,-55.270000,23.682960,332.841600,-309.158640,0.081004,0.081004,0.077373,0.077373,True,1980-1985
293543095274901,-95.464000,29.596000,-70.520000,19.281648,371.856000,-352.574352,0.093808,0.093808,,0.093808,False,1980-1985
293543095380501,-95.635000,29.596000,-39.430000,21.582888,326.136000,-304.553112,0.062674,0.062674,0.068422,0.068422,True,1980-1985
293545095101101,-95.170000,29.596000,-52.160000,7.997952,177.698400,-169.700448,0.046498,0.046498,,0.046498,False,1980-1985
293545095413301,-95.690000,29.596000,-29.160000,22.841712,322.478400,-299.636688,0.063959,0.063959,,0.063959,False,1980-1985
293546095101501,-95.171000,29.596000,-54.960000,8.653272,170.078400,-161.425128,0.063005,0.063005,,0.063005,False,1980-1985
293547095211701,-95.355000,29.597000,-63.230000,15.550896,310.896000,-295.345104,0.083268,0.083268,,0.083268,False,1980-1985
293553095544801,-95.914000,29.598000,18.610000,34.320480,132.588000,-98.267520,0.045803,0.045803,,0.045803,False,1980-1985
293556095305501,-95.516000,29.599000,-57.990000,22.229064,352.044000,-329.814936,0.075591,0.075591,,0.075591,False,1980-1985
293558095365901,-95.617000,29.600000,-30.900000,21.436584,152.704800,-131.268216,0.078226,0.078226,0.056646,0.056646,True,1980-1985
293600095275901,-95.467000,29.600000,-84.240000,18.669000,277.368000,-258.699000,0.050548,0.050548,,0.050548,False,1980-1985
293604095554101,-95.928000,29.601000,19.830000,33.909000,85.344000,-51.435000,0.061892,0.061892,,0.061892,False,1980-1985
293606095315401,-95.532000,29.602000,-60.920000,23.536656,362.712000,-339.175344,0.123790,0.123790,,0.123790,False,1980-1985
293636095133801,-95.228000,29.610000,-76.200000,11.426952,368.808000,-357.381048,0.121135,0.121135,,0.121135,False,1980-1985
293636095300401,-95.501000,29.610000,-54.600000,20.241768,314.553600,-294.311832,0.140831,0.140831,0.183622,0.183622,True,1980-1985
293638095164801,-95.280000,29.611000,-61.890000,13.106400,379.476000,-366.369600,0.066537,0.066537,,0.066537,False,1980-1985
293638095334801,-95.564000,29.611000,-63.310000,23.707344,436.778400,-413.071056,0.097891,0.097891,0.077373,0.077373,True,1980-1985
293641095545001,-95.914000,29.612000,19.010000,35.024568,133.502400,-98.477832,0.054504,0.054504,,0.054504,False,1980-1985
293642095304101,-95.512000,29.612000,-25.200000,20.942808,155.143200,-134.200392,0.148067,0.148067,,0.148067,False,1980-1985
293642095361901,-95.606000,29.612000,-34.640000,22.021800,167.640000,-145.618200,0.076626,0.076626,,0.076626,False,1980-1985
293643095101901,-95.172000,29.612000,-52.980000,10.101072,165.201600,-155.100528,0.064017,0.064017,,0.064017,False,1980-1985
293644095045501,-95.082000,29.613000,-50.670000,4.114800,188.366400,-184.251600,0.017549,0.017549,,0.017549,False,1980-1985
293652095293601,-95.494000,29.615000,-78.970000,20.196048,362.712000,-342.515952,0.121399,0.121399,,0.121399,False,1980-1985
293653095284201,-95.479000,29.615000,-24.670000,18.416016,94.792800,-76.376784,0.168454,0.150000,0.179970,0.179970,True,1980-1985
293704095440401,-95.735000,29.618000,-14.260000,24.384000,161.544000,-137.160000,0.050601,0.050601,,0.050601,False,1980-1985
293709095024801,-95.047000,29.619000,-51.030000,3.063240,198.120000,-195.056760,0.004346,0.004346,0.034230,0.034230,True,1980-1985
293709095024802,-95.047000,29.619000,-54.160000,3.063240,289.560000,-286.496760,0.020659,0.020659,0.034230,0.034230,True,1980-1985
293712095114301,-95.196000,29.620000,-43.300000,12.292584,95.707200,-83.414616,0.130613,0.130613,0.144235,0.144235,True,1980-1985
293717095240501,-95.402000,29.622000,-59.500000,15.319248,234.391200,-219.071952,0.055860,0.055860,,0.055860,False,1980-1985
293717095380501,-95.638000,29.622000,-58.400000,24.704040,477.012000,-452.307960,0.090472,0.090472,0.083653,0.083653,True,1980-1985
293717095380801,-95.636000,29.622000,-35.130000,24.060912,221.284800,-197.223888,0.093936,0.093936,0.116391,0.116391,True,1980-1985
293719095381601,-95.637000,29.622000,-33.410000,24.795480,267.004800,-242.209320,0.060057,0.060057,0.052529,0.052529,True,1980-1985
293720095381101,-95.634000,29.622000,-48.200000,22.866096,312.420000,-289.553904,0.093542,0.093542,0.090884,0.090884,True,1980-1985
293724095115901,-95.200000,29.624000,-63.210000,12.335256,253.593600,-241.258344,0.085847,0.085847,0.124349,0.124349,True,1980-1985
293725095282802,-95.475000,29.624000,-76.910000,17.376648,387.096000,-369.719352,0.152085,0.150000,0.178085,0.178085,True,1980-1985
293729095311601,-95.521000,29.625000,-69.120000,20.942808,365.760000,-344.817192,0.102857,0.102857,0.065480,0.065480,True,1980-1985
293732095044101,-95.078000,29.626000,-54.240000,2.380488,178.917600,-176.537112,0.005301,0.005301,,0.005301,False,1980-1985
293732095300601,-95.502000,29.626000,-71.060000,20.116800,365.760000,-345.643200,0.107878,0.107878,,0.107878,False,1980-1985
293733095303701,-95.511000,29.626000,-69.480000,20.951952,365.760000,-344.808048,0.107690,0.107690,0.068191,0.068191,True,1980-1985
293734095293201,-95.493000,29.626000,-79.700000,19.174968,362.712000,-343.537032,0.077193,0.077193,,0.077193,False,1980-1985
293734095293701,-95.494000,29.626000,-73.520000,19.168872,366.979200,-347.810328,0.110431,0.110431,0.179970,0.179970,True,1980-1985
293734095464901,-95.781000,29.626000,6.870000,26.566368,82.905600,-56.339232,0.100458,0.100458,,0.100458,False,1980-1985
293736095285301,-95.482000,29.627000,-75.420000,17.806416,362.712000,-344.905584,0.169428,0.150000,0.188993,0.188993,True,1980-1985
293738095260501,-95.435000,29.628000,-71.960000,16.413480,292.608000,-276.194520,0.046461,0.046461,,0.046461,False,1980-1985
293738095260502,-95.435000,29.628000,-66.810000,16.413480,419.100000,-402.686520,0.016534,0.016534,,0.016534,False,1980-1985
293744095054701,-95.097000,29.629000,-48.590000,4.654296,131.064000,-126.409704,0.034635,0.034635,,0.034635,False,1980-1985
293744095122201,-95.206000,29.629000,-75.630000,11.253216,293.827200,-282.573984,0.137181,0.137181,0.163075,0.163075,True,1980-1985
293744095122202,-95.206000,29.629000,-46.420000,11.253216,115.519200,-104.265984,0.139116,0.139116,0.143190,0.143190,True,1980-1985
293805095343601,-95.577000,29.635000,0.200000,24.576024,106.070400,-81.494376,0.156118,0.150000,,0.150000,False,1980-1985
293812095380901,-95.636000,29.637000,-34.800000,25.222200,167.335200,-142.113000,0.074831,0.074831,0.076081,0.076081,True,1980-1985
293813095395401,-95.665000,29.637000,-26.530000,25.124664,281.635200,-256.510536,0.069418,0.069418,,0.069418,False,1980-1985
293815095344501,-95.579000,29.638000,-50.200000,24.402288,284.683200,-260.280912,0.097724,0.097724,,0.097724,False,1980-1985
293816095305201,-95.515000,29.638000,-60.410000,19.848576,231.648000,-211.799424,0.077626,0.077626,0.068191,0.068191,True,1980-1985
293829095443601,-95.744000,29.642000,-16.320000,26.011632,274.320000,-248.308368,0.095812,0.095812,,0.095812,False,1980-1985
293831095270901,-95.453000,29.642000,-78.160000,18.467832,437.692800,-419.224968,0.038541,0.038541,0.050839,0.050839,True,1980-1985
293840095242301,-95.407000,29.645000,-42.620000,16.011144,137.160000,-121.148856,0.098475,0.098475,,0.098475,False,1980-1985
293847095270401,-95.451000,29.647000,-88.840000,18.882360,599.236800,-580.354440,0.045672,0.045672,0.061565,0.061565,True,1980-1985
293849095270701,-95.452000,29.647000,-89.150000,18.885408,386.181600,-367.296192,0.000841,0.000841,,0.000841,False,1980-1985
293849095270702,-95.452000,29.647000,-75.520000,18.885408,386.181600,-367.296192,0.064614,0.064614,0.056678,0.056678,True,1980-1985
293853095243001,-95.409000,29.648000,-65.440000,17.955768,138.684000,-120.728232,0.035254,0.035254,,0.035254,False,1980-1985
293854095270701,-95.452000,29.649000,-93.110000,18.778728,601.065600,-582.286872,0.061374,0.061374,0.079964,0.079964,True,1980-1985
293854095332001,-95.556000,29.649000,-73.570000,22.460712,348.081600,-325.620888,0.103896,0.103896,,0.103896,False,1980-1985
293855095395501,-95.666000,29.649000,-62.120000,24.566880,477.012000,-452.445120,0.111282,0.111282,,0.111282,False,1980-1985
293858095270601,-95.452000,29.650000,-75.950000,18.492216,386.181600,-367.689384,0.063421,0.063421,0.051747,0.051747,True,1980-1985
293903095270601,-95.452000,29.651000,-74.110000,19.205448,309.981600,-290.776152,0.048781,0.048781,0.041199,0.041199,True,1980-1985
293906095171801,-95.289000,29.652000,-84.000000,12.853416,569.976000,-557.122584,0.001428,0.001428,,0.001428,False,1980-1985
293909095012201,-95.023000,29.653000,-50.790000,4.443984,176.174400,-171.730416,-0.016994,-0.016994,,-0.016994,False,1980-1985
293917095191301,-95.321000,29.655000,-75.130000,11.009376,271.272000,-260.262624,0.080194,0.080194,0.096204,0.096204,True,1980-1985
293922095185501,-95.316000,29.656000,-99.530000,10.290048,560.832000,-550.541952,0.077706,0.077706,0.084057,0.084057,True,1980-1985
293936095253101,-95.426000,29.660000,-35.870000,16.544544,91.744800,-75.200256,0.105186,0.105186,,0.105186,False,1980-1985
293939095190201,-95.317000,29.661000,-105.420000,11.868912,551.688000,-539.819088,0.104791,0.104791,0.108350,0.108350,True,1980-1985
293939095585501,-95.982000,29.661000,23.870000,33.832800,93.573600,-59.740800,0.119503,0.119503,,0.119503,False,1980-1985
293942095283201,-95.476000,29.662000,-25.690000,17.852136,82.600800,-64.748664,0.148712,0.148712,,0.148712,False,1980-1985
293946094532701,-94.891000,29.663000,-12.720000,7.019544,216.103200,-209.083656,0.018258,0.018258,,0.018258,False,1980-1985
293946095441701,-95.738000,29.663000,0.100000,30.111192,160.934400,-130.823208,0.070805,0.070805,,0.070805,False,1980-1985
293948095585501,-95.982000,29.664000,17.920000,34.079688,106.680000,-72.600312,0.050609,0.050609,0.025842,0.025842,True,1980-1985
293949095321201,-95.537000,29.664000,-76.370000,20.570952,291.084000,-270.513048,0.054421,0.054421,,0.054421,False,1980-1985
293951095142102,-95.239000,29.664000,-86.420000,8.909304,393.192000,-384.282696,-0.008953,-0.008953,,-0.008953,False,1980-1985
293956095120801,-95.203000,29.666000,-78.480000,9.430512,420.624000,-411.193488,0.058059,0.058059,,0.058059,False,1980-1985
293957095294901,-95.497000,29.666000,-84.210000,17.650968,542.544000,-524.893032,0.088157,0.088157,,0.088157,False,1980-1985
293958095221401,-95.371000,29.666000,-80.550000,13.752576,373.380000,-359.627424,0.086340,0.086340,,0.086340,False,1980-1985
294004095275801,-95.466000,29.668000,-78.750000,16.379952,365.150400,-348.770448,0.062871,0.062871,0.071071,0.071071,True,1980-1985
294008095395401,-95.665000,29.669000,-8.150000,28.559760,73.152000,-44.592240,0.117813,0.117813,,0.117813,False,1980-1985
294018095380801,-95.636000,29.672000,-53.730000,26.420064,458.724000,-432.303936,0.069675,0.069675,,0.069675,False,1980-1985
294027095265501,-95.449000,29.674000,-75.430000,16.343376,246.888000,-230.544624,0.057792,0.057792,0.048353,0.048353,True,1980-1985
294028095305701,-95.516000,29.675000,-68.240000,18.854928,218.236800,-199.381872,0.077516,0.077516,0.063063,0.063063,True,1980-1985
294031095305701,-95.516000,29.676000,-85.630000,18.236184,406.908000,-388.671816,0.025172,0.025172,0.022188,0.022188,True,1980-1985
294031095554201,-95.929000,29.676000,15.500000,32.007048,137.160000,-105.152952,0.090474,0.090474,0.115581,0.115581,True,1980-1985
294037095544201,-95.912000,29.677000,21.620000,33.140904,85.344000,-52.203096,0.110765,0.110765,0.115581,0.115581,True,1980-1985
294043095504201,-95.845000,29.679000,-0.990000,32.558736,167.640000,-135.081264,0.081505,0.081505,,0.081505,False,1980-1985
294044095280501,-95.468000,29.680000,-91.700000,14.609064,545.592000,-530.982936,0.069116,0.069116,0.062613,0.062613,True,1980-1985
294044095301001,-95.503000,29.679000,-88.590000,17.419320,539.496000,-522.076680,0.045080,0.045080,0.042625,0.042625,True,1980-1985
294045095583701,-95.977000,29.679000,12.040000,35.140392,335.280000,-300.139608,0.060641,0.060641,0.025842,0.025842,True,1980-1985
294054095403201,-95.676000,29.682000,-10.910000,28.895040,119.176800,-90.281760,0.092734,0.092734,0.124194,0.124194,True,1980-1985
294057095404301,-95.679000,29.683000,-20.250000,28.861512,89.306400,-60.444888,0.067187,0.067187,,0.067187,False,1980-1985
294059095271001,-95.453000,29.683000,-95.150000,14.548104,569.976000,-555.427896,0.046617,0.046617,0.060699,0.060699,True,1980-1985
294104095295303,-95.498000,29.668000,-87.200000,18.211800,531.876000,-513.664200,0.066135,0.066135,0.036444,0.036444,True,1980-1985
294105095070001,-95.117000,29.685000,-82.140000,8.750808,344.424000,-335.673192,0.102149,0.102149,,0.102149,False,1980-1985
294105095070002,-95.117000,29.685000,-49.800000,8.750808,188.976000,-180.225192,0.085113,0.085113,,0.085113,False,1980-1985
294106095171201,-95.287000,29.685000,-82.220000,10.271760,267.004800,-256.733040,0.062517,0.062517,0.046358,0.046358,True,1980-1985
294106095370401,-95.618000,29.685000,-45.520000,25.953720,268.224000,-242.270280,0.143954,0.143954,0.167636,0.167636,True,1980-1985
294106095455401,-95.765000,29.685000,1.840000,31.473648,158.496000,-127.022352,0.074889,0.074889,,0.074889,False,1980-1985
294107095262401,-95.440000,29.686000,-89.110000,14.898624,566.928000,-552.029376,0.055213,0.055213,0.042553,0.042553,True,1980-1985
294107095323801,-95.541000,29.686000,-63.430000,20.083272,321.564000,-301.480728,0.094062,0.094062,,0.094062,False,1980-1985
294108095371501,-95.621000,29.686000,-84.800000,26.048208,481.584000,-455.535792,0.155999,0.150000,0.188122,0.188122,True,1980-1985
294110095370901,-95.619000,29.686000,-80.420000,26.087832,464.820000,-438.732168,0.152790,0.150000,0.188722,0.188722,True,1980-1985
294111095395101,-95.664000,29.687000,-65.490000,28.575000,426.720000,-398.145000,0.147779,0.147779,0.155626,0.155626,True,1980-1985
294117095162301,-95.273000,29.688000,-95.040000,6.220968,539.496000,-533.275032,0.049968,0.049968,0.046358,0.046358,True,1980-1985
294119095335601,-95.564000,29.692000,-91.090000,21.689568,449.580000,-427.890432,0.065148,0.065148,,0.065148,False,1980-1985
294126095154901,-95.264000,29.691000,-103.520000,-0.124968,638.556000,-638.680968,0.060378,0.060378,0.060261,0.060261,True,1980-1985
294127095220501,-95.368000,29.691000,-88.410000,13.658088,597.408000,-583.749912,0.031154,0.031154,,0.031154,False,1980-1985
294131095360701,-95.602000,29.692000,-65.510000,24.536400,502.920000,-478.383600,-0.017233,-0.017233,-0.053545,-0.053545,True,1980-1985
294134095312101,-95.523000,29.693000,-86.330000,21.183600,377.952000,-356.768400,0.048420,0.048420,,0.048420,False,1980-1985
294139095020601,-95.035000,29.694000,-49.060000,8.759952,163.068000,-154.308048,0.002061,0.002061,,0.002061,False,1980-1985
294144095351002,-95.587000,29.696000,-68.740000,22.375368,440.436000,-418.060632,0.027268,0.027268,0.000644,0.000644,True,1980-1985
294144095410001,-95.684000,29.696000,-21.510000,28.248864,267.614400,-239.365536,0.053695,0.053695,,0.053695,False,1980-1985
294145095371201,-95.620000,29.696000,-74.120000,24.963120,424.891200,-399.928080,0.062423,0.062423,0.081181,0.081181,True,1980-1985
294146095020501,-95.035000,29.696000,-52.410000,7.418832,157.581600,-150.162768,-0.020144,-0.020144,-0.023360,-0.023360,True,1980-1985
294147095344301,-95.579000,29.696000,-72.100000,21.753576,501.091200,-479.337624,-0.048143,-0.048143,-0.025619,-0.025619,True,1980-1985
294147095344302,-95.579000,29.696000,-75.090000,21.753576,467.563200,-445.809624,-0.031016,-0.031016,-0.110146,-0.110146,True,1980-1985
294149095363001,-95.609000,29.697000,-72.960000,24.704040,485.546400,-460.842360,0.056363,0.056363,0.056991,0.056991,True,1980-1985
294149095363002,-95.608000,29.696000,-77.880000,24.877776,472.440000,-447.562224,0.110694,0.110694,0.147923,0.147923,True,1980-1985
294155095051401,-95.088000,29.699000,-51.610000,9.781032,153.924000,-144.142968,0.084546,0.084546,,0.084546,False,1980-1985
294156095020101,-95.034000,29.699000,-63.920000,7.254240,149.656800,-142.402560,-0.025783,-0.025783,,-0.025783,False,1980-1985
294158095024701,-95.047000,29.700000,-50.870000,7.647432,180.136800,-172.489368,-0.007283,-0.007283,-0.014978,-0.014978,True,1980-1985
294200095401001,-95.670000,29.700000,-18.750000,27.584400,248.412000,-220.827600,0.110426,0.110426,,0.110426,False,1980-1985
294201095355601,-95.599000,29.701000,-68.240000,23.874984,494.080800,-470.205816,0.026935,0.026935,,0.026935,False,1980-1985
294205095042901,-95.075000,29.702000,-53.600000,8.567928,169.164000,-160.596072,0.055329,0.055329,,0.055329,False,1980-1985
294205095042902,-95.075000,29.702000,-57.630000,8.567928,162.763200,-154.195272,0.052532,0.052532,,0.052532,False,1980-1985
294206095162601,-95.274000,29.702000,-89.700000,9.476232,303.276000,-293.799768,0.021170,0.021170,0.031185,0.031185,True,1980-1985
294207095022001,-95.039000,29.702000,-49.050000,7.446264,301.447200,-294.000936,-0.015344,-0.015344,-0.043896,-0.043896,True,1980-1985
294208095280501,-95.468000,29.703000,-106.250000,16.541496,482.193600,-465.652104,0.102431,0.102431,0.122005,0.122005,True,1980-1985
294208095280701,-95.469000,29.703000,-77.360000,16.718280,217.017600,-200.299320,0.101781,0.101781,0.108874,0.108874,True,1980-1985
294211095370901,-95.619000,29.703000,-68.220000,24.664416,402.336000,-377.671584,0.119299,0.119299,0.138216,0.138216,True,1980-1985
294212095032001,-95.056000,29.704000,-57.460000,7.516368,170.992800,-163.476432,-0.013930,-0.013930,-0.064432,-0.064432,True,1980-1985
294213095322001,-95.539000,29.704000,-86.940000,20.692872,460.248000,-439.555128,0.047488,0.047488,0.042177,0.042177,True,1980-1985
294213095433301,-95.726000,29.704000,-2.230000,29.809440,75.285600,-45.476160,0.056695,0.056695,,0.056695,False,1980-1985
294214095234801,-95.397000,29.704000,-74.650000,13.167360,213.969600,-200.802240,0.092596,0.092596,0.084649,0.084649,True,1980-1985
294215095301501,-95.504000,29.704000,-76.530000,19.583400,469.087200,-449.503800,-0.028876,-0.028876,,-0.028876,False,1980-1985
294215095301502,-95.504000,29.704000,-105.320000,19.583400,472.440000,-452.856600,0.081403,0.081403,,0.081403,False,1980-1985
294215095413601,-95.694000,29.704000,-21.020000,28.712160,222.504000,-193.791840,0.044383,0.044383,,0.044383,False,1980-1985
294216095301601,-95.505000,29.705000,-78.990000,19.449288,296.265600,-276.816312,0.062559,0.062559,0.067661,0.067661,True,1980-1985
294216095321501,-95.539000,29.705000,-74.920000,21.378672,304.800000,-283.421328,0.055721,0.055721,0.076985,0.076985,True,1980-1985
294219095470501,-95.787000,29.708000,-23.820000,34.189416,332.232000,-298.042584,0.109253,0.109253,,0.109253,False,1980-1985
294230095232201,-95.390000,29.709000,-102.420000,11.920728,555.345600,-543.424872,0.074829,0.074829,0.081051,0.081051,True,1980-1985
294236095140901,-95.236000,29.710000,-57.300000,7.671816,179.832000,-172.160184,0.067505,0.067505,,0.067505,False,1980-1985
294237095093202,-95.159000,29.711000,-39.250000,8.467344,118.872000,-110.404656,0.095623,0.095623,,0.095623,False,1980-1985
294237095093205,-95.159000,29.711000,-76.390000,8.467344,404.774400,-396.307056,0.040450,0.040450,-0.002962,-0.002962,True,1980-1985
294237095093206,-95.159000,29.711000,-77.760000,8.467344,285.292800,-276.825456,0.004314,0.004314,-0.011466,-0.011466,True,1980-1985
294237095093207,-95.159000,29.711000,-70.990000,8.467344,553.821600,-545.354256,-0.020461,-0.020461,-0.019231,-0.019231,True,1980-1985
294237095093208,-95.159000,29.711000,-75.380000,8.467344,222.504000,-214.036656,0.002659,0.002659,0.005541,0.005541,True,1980-1985
294237095342301,-95.573000,29.711000,-90.400000,22.372320,329.184000,-306.811680,-0.060887,-0.060887,-0.108108,-0.108108,True,1980-1985
294243095371201,-95.620000,29.712000,-88.470000,24.569928,417.576000,-393.006072,0.096744,0.096744,,0.096744,False,1980-1985
294244095452101,-95.756000,29.712000,-10.320000,31.001208,100.584000,-69.582792,0.047863,0.047863,,0.047863,False,1980-1985
294245095233501,-95.393000,29.713000,-107.410000,13.758672,541.629600,-527.870928,0.096628,0.096628,0.100162,0.100162,True,1980-1985
294251095225701,-95.383000,29.714000,-99.450000,12.850368,509.016000,-496.165632,0.076805,0.076805,0.087003,0.087003,True,1980-1985
294252095362101,-95.606000,29.715000,-72.330000,23.673816,490.728000,-467.054184,0.050306,0.050306,0.045982,0.045982,True,1980-1985
294253095352701,-95.591000,29.715000,-87.070000,22.482048,362.102400,-339.620352,-0.068084,-0.068084,-0.129932,-0.129932,True,1980-1985
294256095261602,-95.438000,29.716000,-107.030000,15.462504,381.000000,-365.537496,0.089633,0.089633,0.103302,0.103302,True,1980-1985
294258095372501,-95.624000,29.716000,-31.740000,24.076152,143.256000,-119.179848,0.132982,0.132982,0.140610,0.140610,True,1980-1985
294259095275801,-95.466000,29.717000,-60.650000,16.565880,144.780000,-128.214120,0.129668,0.129668,0.132980,0.132980,True,1980-1985
294302095234301,-95.396000,29.718000,-107.190000,13.758672,595.884000,-582.125328,0.086660,0.086660,0.087688,0.087688,True,1980-1985
294302095411801,-95.688000,29.718000,-6.950000,28.172664,195.072000,-166.899336,0.043661,0.043661,,0.043661,False,1980-1985
294303095152603,-95.257000,29.718000,-40.210000,7.367016,89.611200,-82.244184,0.110810,0.110810,,0.110810,False,1980-1985
294306095371801,-95.622000,29.719000,-71.240000,23.530560,397.764000,-374.233440,0.129944,0.129944,,0.129944,False,1980-1985
294313095365101,-95.614000,29.721000,-59.640000,23.652480,341.985600,-318.333120,0.120790,0.120790,0.112710,0.112710,True,1980-1985
294314095262601,-95.441000,29.721000,-101.440000,16.090392,414.528000,-398.437608,0.080991,0.080991,0.061421,0.061421,True,1980-1985
294315095133201,-95.226000,29.721000,-111.400000,6.260592,286.512000,-280.251408,-0.117122,-0.117122,-0.155599,-0.155599,True,1980-1985
294315095133202,-95.226000,29.721000,-41.670000,6.260592,97.231200,-90.970608,0.090359,0.090359,,0.090359,False,1980-1985
294317095313001,-95.524000,29.722000,-99.810000,20.732496,491.337600,-470.605104,-0.026668,-0.026668,-0.061954,-0.061954,True,1980-1985
294318095344501,-95.576000,29.726000,-38.570000,23.411688,213.055200,-189.643512,0.150598,0.150000,,0.150000,False,1980-1985
294319094561701,-94.938000,29.722000,-42.300000,4.736592,174.345600,-169.609008,-0.035522,-0.035522,,-0.035522,False,1980-1985
294319095305901,-95.517000,29.722000,-87.260000,20.293584,447.751200,-427.457616,-0.000823,-0.000823,0.008337,0.008337,True,1980-1985
294321094583401,-94.976000,29.723000,-42.760000,8.744712,124.358400,-115.613688,0.009014,0.009014,,0.009014,False,1980-1985
294321095302201,-95.506000,29.723000,-98.850000,19.220688,445.617600,-426.396912,0.051252,0.051252,0.052385,0.052385,True,1980-1985
294322095041701,-95.072000,29.723000,-46.040000,8.071104,165.201600,-157.130496,0.082146,0.082146,,0.082146,False,1980-1985
294323095300101,-95.501000,29.723000,-101.980000,19.821144,420.624000,-400.802856,0.042898,0.042898,0.058182,0.058182,True,1980-1985
294326095133901,-95.228000,29.724000,-103.350000,4.090416,246.583200,-242.492784,-0.094201,-0.094201,-0.091511,-0.091511,True,1980-1985
294326095293002,-95.492000,29.724000,-106.780000,19.571208,425.805600,-406.234392,0.041333,0.041333,0.031780,0.031780,True,1980-1985
294326095321001,-95.536000,29.724000,-96.510000,21.073872,467.868000,-446.794128,0.062840,0.062840,0.067121,0.067121,True,1980-1985
294327095132901,-95.225000,29.724000,-106.970000,4.669536,286.512000,-281.842464,-0.120569,-0.120569,-0.126563,-0.126563,True,1980-1985
294328095290401,-95.485000,29.725000,-99.020000,18.766536,461.772000,-443.005464,0.048714,0.048714,0.037439,0.037439,True,1980-1985
294328095290402,-95.485000,29.725000,-107.080000,18.766536,462.686400,-443.919864,0.048485,0.048485,0.022572,0.022572,True,1980-1985
294329095284601,-95.480000,29.725000,-98.420000,18.135600,430.377600,-412.242000,0.051987,0.051987,0.045144,0.045144,True,1980-1985
294329095284602,-95.480000,29.725000,-100.750000,18.135600,458.724000,-440.588400,0.054562,0.054562,0.049155,0.049155,True,1980-1985
294329095284603,-95.480000,29.725000,-87.880000,18.135600,196.900800,-178.765200,0.064032,0.064032,0.059588,0.059588,True,1980-1985
294331095282801,-95.475000,29.726000,-112.920000,17.519904,459.638400,-442.118496,0.075425,0.075425,0.095081,0.095081,True,1980-1985
294333095275602,-95.466000,29.726000,-106.360000,17.562576,460.248000,-442.685424,0.112065,0.112065,0.120402,0.120402,True,1980-1985
294334095032901,-95.058000,29.727000,-54.370000,3.654552,155.448000,-151.793448,0.060565,0.060565,,0.060565,False,1980-1985
294334095075001,-95.131000,29.726000,-61.500000,7.226808,155.448000,-148.221192,0.059954,0.059954,0.051961,0.051961,True,1980-1985
294335095273301,-95.459000,29.727000,-98.110000,17.157192,614.172000,-597.014808,0.085609,0.085609,,0.085609,False,1980-1985
294335095490401,-95.818000,29.727000,4.500000,38.865048,163.372800,-124.507752,0.076314,0.076314,,0.076314,False,1980-1985
294336095064301,-95.112000,29.727000,-76.440000,6.214872,441.960000,-435.745128,0.085677,0.085677,0.074083,0.074083,True,1980-1985
294338095270401,-95.451000,29.727000,-80.930000,17.047464,320.344800,-303.297336,0.092875,0.092875,0.115831,0.115831,True,1980-1985
294338095270403,-95.451000,29.727000,-106.830000,17.047464,592.226400,-575.178936,0.092913,0.092913,0.080178,0.080178,True,1980-1985
294338095270404,-95.451000,29.727000,-110.780000,17.047464,436.778400,-419.730936,0.096668,0.096668,0.095778,0.095778,True,1980-1985
294338095270405,-95.451000,29.727000,-39.230000,17.047464,77.114400,-60.066936,0.138522,0.138522,,0.138522,False,1980-1985
294338095270406,-95.451000,29.727000,-80.720000,17.047464,191.109600,-174.062136,0.085934,0.085934,0.093897,0.093897,True,1980-1985
294340095311101,-95.520000,29.728000,-85.790000,20.747736,271.881600,-251.133864,0.034105,0.034105,,0.034105,False,1980-1985
294340095311103,-95.520000,29.728000,-103.210000,20.747736,436.473600,-415.725864,0.016478,0.016478,0.021942,0.021942,True,1980-1985
294341095063901,-95.111000,29.728000,-50.710000,6.477000,152.704800,-146.227800,0.098348,0.098348,0.088872,0.088872,True,1980-1985
294341095252002,-95.422000,29.728000,-98.510000,16.221456,426.720000,-410.498544,0.091250,0.091250,0.123785,0.123785,True,1980-1985
294342095034601,-95.063000,29.729000,-50.310000,6.684264,170.688000,-164.003736,0.045958,0.045958,,0.045958,False,1980-1985
294343095210001,-95.350000,29.729000,-98.090000,12.350496,525.780000,-513.429504,0.055484,0.055484,,0.055484,False,1980-1985
294344095390901,-95.653000,29.729000,-59.500000,27.450288,367.284000,-339.833712,0.155186,0.150000,0.169004,0.169004,True,1980-1985
294348095131801,-95.222000,29.730000,-88.740000,3.886200,429.768000,-425.881800,-0.055174,-0.055174,-0.079667,-0.079667,True,1980-1985
294348095303702,-95.511000,29.728000,-106.360000,19.754088,406.908000,-387.153912,0.034207,0.034207,,0.034207,False,1980-1985
294351095130401,-95.218000,29.731000,-46.290000,5.300472,244.449600,-239.149128,0.051129,0.051129,,0.051129,False,1980-1985
294352095385501,-95.649000,29.731000,-70.620000,27.185112,432.816000,-405.630888,0.167647,0.150000,0.169004,0.169004,True,1980-1985
294355095090501,-95.152000,29.732000,-51.810000,6.970776,149.352000,-142.381224,0.099973,0.099973,0.068596,0.068596,True,1980-1985
294356095391501,-95.654000,29.733000,-25.200000,27.953208,243.840000,-215.886792,0.106657,0.106657,,0.106657,False,1980-1985
294358095063801,-95.111000,29.733000,-55.050000,5.995416,153.009600,-147.014184,0.077651,0.077651,0.074083,0.074083,True,1980-1985
294400095505301,-95.848000,29.734000,13.620000,42.492168,191.414400,-148.922232,0.095737,0.095737,0.098897,0.098897,True,1980-1985
294400095510801,-95.853000,29.734000,7.940000,42.970704,249.326400,-206.355696,0.098770,0.098770,0.098897,0.098897,True,1980-1985
294402095294702,-95.497000,29.734000,-103.430000,19.619976,597.408000,-577.788024,0.045535,0.045535,0.024893,0.024893,True,1980-1985
294403095141801,-95.239000,29.734000,-91.440000,8.339328,366.064800,-357.725472,-0.017984,-0.017984,-0.039615,-0.039615,True,1980-1985
294407095403701,-95.688000,29.718000,-9.300000,28.459176,143.560800,-115.101624,0.041213,0.041213,0.051785,0.051785,True,1980-1985
294410095322001,-95.539000,29.736000,-81.320000,21.143976,276.758400,-255.614424,0.089929,0.089929,0.079454,0.079454,True,1980-1985
294414095364202,-95.612000,29.738000,-93.380000,24.313896,402.945600,-378.631704,0.101352,0.101352,,0.101352,False,1980-1985
294415095165301,-95.282000,29.738000,-80.640000,4.578096,274.320000,-269.741904,0.051399,0.051399,,0.051399,False,1980-1985
294420095373501,-95.627000,29.739000,-20.970000,25.103328,109.728000,-84.624672,0.161316,0.150000,0.156447,0.156447,True,1980-1985
294422094575101,-94.964000,29.740000,-46.500000,9.390888,142.341600,-132.950712,0.014216,0.014216,,0.014216,False,1980-1985
294422095243202,-95.409000,29.740000,-70.630000,15.898368,201.168000,-185.269632,0.116887,0.116887,0.123785,0.123785,True,1980-1985
294424095100401,-95.168000,29.740000,-78.250000,2.526792,530.352000,-527.825208,0.030552,0.030552,0.031866,0.031866,True,1980-1985
294425095100801,-95.169000,29.741000,-54.680000,2.606040,145.389600,-142.783560,0.088682,0.088682,,0.088682,False,1980-1985
294425095101601,-95.171000,29.741000,-80.150000,2.831592,381.609600,-378.778008,0.038029,0.038029,0.015402,0.015402,True,1980-1985
294428095384501,-95.646000,29.741000,-66.110000,27.349704,400.507200,-373.157496,0.161256,0.150000,0.156447,0.156447,True,1980-1985
294433095044701,-95.080000,29.743000,-44.190000,5.608320,78.028800,-72.420480,0.088635,0.088635,0.088041,0.088041,True,1980-1985
294433095550801,-95.919000,29.743000,16.040000,48.274224,102.108000,-53.833776,0.035578,0.035578,,0.035578,False,1980-1985
294435095300101,-95.501000,29.743000,-35.960000,19.504152,89.916000,-70.411848,0.122249,0.122249,,0.122249,False,1980-1985
294439095334701,-95.563000,29.744000,-43.430000,22.765512,141.732000,-118.966488,0.139466,0.139466,0.158399,0.158399,True,1980-1985
294439095334702,-95.563000,29.744000,-77.930000,22.765512,396.240000,-373.474488,0.144262,0.144262,0.145825,0.145825,True,1980-1985
294440095341801,-95.572000,29.745000,-90.230000,22.713696,399.897600,-377.183904,0.158026,0.150000,0.181243,0.181243,True,1980-1985
294445095141101,-95.237000,29.746000,-88.180000,8.348472,411.480000,-403.131528,-0.004289,-0.004289,,-0.004289,False,1980-1985
294450095550301,-95.918000,29.747000,14.300000,48.207168,100.584000,-52.376832,0.050684,0.050684,,0.050684,False,1980-1985
294451095370301,-95.618000,29.748000,-73.980000,25.405080,357.530400,-332.125320,0.131804,0.131804,,0.131804,False,1980-1985
294452095354501,-95.596000,29.748000,-88.980000,23.887176,441.960000,-418.072824,0.118220,0.118220,0.143323,0.143323,True,1980-1985
294458095044601,-95.080000,29.750000,-51.210000,6.644640,158.800800,-152.156160,0.077826,0.077826,0.088041,0.088041,True,1980-1985
294458095095101,-95.164000,29.750000,-77.430000,3.557016,205.740000,-202.182984,-0.000281,-0.000281,0.015402,0.015402,True,1980-1985
294459094560301,-94.934000,29.750000,-29.610000,6.211824,118.872000,-112.660176,0.005016,0.005016,,0.005016,False,1980-1985
294459095343801,-95.578000,29.750000,-92.610000,23.326344,413.308800,-389.982456,0.169037,0.150000,0.181465,0.181465,True,1980-1985
294500095073401,-95.127000,29.751000,-77.210000,7.126224,374.904000,-367.777776,0.092953,0.092953,0.113909,0.113909,True,1980-1985
294501095343601,-95.577000,29.751000,-62.010000,23.256240,294.741600,-271.485360,0.131377,0.131377,0.156095,0.156095,True,1980-1985
294504094553601,-94.925000,29.751000,-30.850000,5.474208,122.529600,-117.055392,-0.008554,-0.008554,,-0.008554,False,1980-1985
294506095263001,-95.442000,29.752000,-50.910000,16.995648,97.840800,-80.845152,0.133442,0.133442,0.130018,0.130018,True,1980-1985
294511095321401,-95.537000,29.752000,-49.590000,13.377672,150.266400,-136.888728,0.126736,0.126736,,0.126736,False,1980-1985
294514095515501,-95.866000,29.754000,9.420000,44.698920,105.460800,-60.761880,0.030771,0.030771,,0.030771,False,1980-1985
294517095084101,-95.145000,29.755000,-90.290000,7.199376,347.472000,-340.272624,0.100513,0.100513,0.148009,0.148009,True,1980-1985
294518095063501,-95.110000,29.755000,-47.060000,5.239512,150.266400,-145.026888,0.110224,0.110224,0.135353,0.135353,True,1980-1985
294518095063502,-95.110000,29.755000,-62.870000,5.239512,217.932000,-212.692488,0.061761,0.061761,0.092465,0.092465,True,1980-1985
294518095254801,-95.430000,29.755000,-87.050000,15.182088,373.989600,-358.807512,0.109409,0.109409,0.130018,0.130018,True,1980-1985
294518095392901,-95.658000,29.755000,-13.320000,28.288488,206.654400,-178.365912,0.051070,0.051070,,0.051070,False,1980-1985
294518095393401,-95.660000,29.755000,-11.250000,28.288488,177.698400,-149.409912,0.057643,0.057643,,0.057643,False,1980-1985
294519095383201,-95.634000,29.766000,-60.120000,26.237184,401.116800,-374.879616,0.081587,0.081587,,0.081587,False,1980-1985
294521094545901,-94.916000,29.756000,-30.010000,4.916424,124.663200,-119.746776,-0.011390,-0.011390,,-0.011390,False,1980-1985
294523094544401,-94.912000,29.756000,-28.940000,5.468112,122.834400,-117.366288,-0.008879,-0.008879,,-0.008879,False,1980-1985
294527095014901,-95.031000,29.758000,-43.270000,7.351776,156.057600,-148.705824,0.025224,0.025224,0.047001,0.047001,True,1980-1985
294527095014904,-95.031000,29.758000,-37.260000,7.351776,71.323200,-63.971424,0.050706,0.050706,0.052882,0.052882,True,1980-1985
294527095014905,-95.031000,29.758000,-39.960000,7.351776,98.755200,-91.403424,0.039201,0.039201,0.038834,0.038834,True,1980-1985
294527095014910,-95.031000,29.758000,-44.510000,7.275576,131.368800,-124.093224,0.018800,0.018800,0.029090,0.029090,True,1980-1985
294527095014911,-95.031000,29.758000,-46.530000,7.275576,449.580000,-442.304424,0.009984,0.009984,0.018723,0.018723,True,1980-1985
294527095014912,-95.031000,29.758000,-55.490000,7.351776,416.052000,-408.700224,0.038226,0.038226,0.047001,0.047001,True,1980-1985
294536095223201,-95.376000,29.760000,-67.050000,12.908280,190.500000,-177.591720,0.120159,0.120159,0.116224,0.116224,True,1980-1985
294537095225801,-95.383000,29.761000,-112.930000,13.722096,603.504000,-589.781904,0.104772,0.104772,,0.104772,False,1980-1985
294537095360401,-95.601000,29.761000,-52.080000,20.863560,272.796000,-251.932440,0.136039,0.136039,,0.136039,False,1980-1985
294537095360402,-95.601000,29.761000,-82.250000,20.863560,373.380000,-352.516440,0.080099,0.080099,,0.080099,False,1980-1985
294538095344601,-95.579000,29.761000,-31.360000,22.674072,142.341600,-119.667528,0.152970,0.150000,0.176835,0.176835,True,1980-1985
294541095232901,-95.392000,29.762000,-114.540000,6.742176,501.091200,-494.349024,0.094360,0.094360,,0.094360,False,1980-1985
294541095523201,-95.876000,29.762000,9.020000,44.705016,175.260000,-130.554984,0.020896,0.020896,,0.020896,False,1980-1985
294542095010501,-95.018000,29.762000,-52.270000,6.403848,526.389600,-519.985752,0.015609,0.015609,0.026482,0.026482,True,1980-1985
294543095433101,-95.726000,29.762000,-38.850000,32.519112,429.158400,-396.639288,0.085914,0.085914,,0.085914,False,1980-1985
294545095223801,-95.377000,29.763000,-106.140000,11.856720,615.696000,-603.839280,0.057182,0.057182,,0.057182,False,1980-1985
294545095292301,-95.490000,29.763000,-99.790000,18.281904,349.300800,-331.018896,0.056387,0.056387,,0.056387,False,1980-1985
294545095292302,-95.490000,29.763000,-100.140000,18.281904,364.236000,-345.954096,0.069636,0.069636,,0.069636,False,1980-1985
294548095372801,-95.625000,29.764000,-64.820000,26.182320,362.712000,-336.529680,0.106197,0.106197,,0.106197,False,1980-1985
294548095455101,-95.764000,29.764000,-4.790000,37.584888,268.224000,-230.639112,0.087719,0.087719,,0.087719,False,1980-1985
294548095461901,-95.772000,29.764000,-1.520000,38.096952,121.920000,-83.823048,0.061941,0.061941,0.022273,0.022273,True,1980-1985
294548095481401,-95.805000,29.762000,-15.170000,39.334440,311.505600,-272.171160,0.080004,0.080004,0.057209,0.057209,True,1980-1985
294551095221001,-95.370000,29.764000,-117.530000,8.342376,620.268000,-611.925624,0.101463,0.101463,0.104596,0.104596,True,1980-1985
294551095424901,-95.714000,29.764000,-53.440000,31.885128,393.192000,-361.306872,0.094517,0.094517,,0.094517,False,1980-1985
294553095091701,-95.155000,29.765000,-74.430000,7.181088,247.497600,-240.316512,0.086782,0.086782,0.144444,0.144444,True,1980-1985
294556095210001,-95.350000,29.766000,-74.850000,5.657088,158.496000,-152.838912,0.096596,0.096596,0.092967,0.092967,True,1980-1985
294557095303701,-95.511000,29.766000,-109.100000,20.747736,490.728000,-469.980264,0.092838,0.092838,,0.092838,False,1980-1985
294558095344301,-95.579000,29.766000,-38.910000,20.189952,233.781600,-213.591648,0.136735,0.136735,,0.136735,False,1980-1985
294601095041901,-95.074000,29.767000,-47.360000,7.406640,140.817600,-133.410960,0.060511,0.060511,,0.060511,False,1980-1985
294601095225801,-95.383000,29.767000,-114.710000,13.615416,597.408000,-583.792584,0.111708,0.111708,0.117331,0.117331,True,1980-1985
294602095092403,-95.157000,29.767000,-48.890000,7.379208,64.008000,-56.628792,0.124454,0.124454,0.142499,0.142499,True,1980-1985
294602095092405,-95.157000,29.767000,-52.300000,7.379208,94.488000,-87.108792,0.125314,0.125314,0.147253,0.147253,True,1980-1985
294604095144801,-95.247000,29.768000,-88.450000,9.710928,272.796000,-263.085072,0.053218,0.053218,,0.053218,False,1980-1985
294607095492201,-95.822000,29.769000,-10.680000,40.096440,202.387200,-162.290760,0.066003,0.066003,0.040863,0.040863,True,1980-1985
294612095065101,-95.114000,29.770000,-76.050000,6.915912,281.940000,-275.024088,0.059757,0.059757,,0.059757,False,1980-1985
294613095172601,-95.291000,29.771000,-74.570000,12.716256,206.044800,-193.328544,0.102196,0.102196,,0.102196,False,1980-1985
294613095473901,-95.794000,29.771000,-6.590000,40.462200,195.986400,-155.524200,0.072819,0.072819,0.073555,0.073555,True,1980-1985
294619095142701,-95.242000,29.773000,-87.560000,8.964168,306.933600,-297.969432,0.027542,0.027542,,0.027542,False,1980-1985
294623095351301,-95.587000,29.773000,-54.050000,24.816816,272.796000,-247.979184,0.148977,0.148977,0.178254,0.178254,True,1980-1985
294623095351401,-95.588000,29.773000,-77.470000,24.935688,399.288000,-374.352312,0.175668,0.150000,0.181047,0.181047,True,1980-1985
294635095070101,-95.117000,29.777000,-35.890000,7.388352,91.440000,-84.051648,0.138311,0.138311,0.138498,0.138498,True,1980-1985
294636095444001,-95.745000,29.777000,-38.920000,37.014912,401.116800,-364.101888,0.138671,0.138671,,0.138671,False,1980-1985
294637094592501,-94.990000,29.777000,-35.150000,7.738872,156.972000,-149.233128,0.015915,0.015915,,0.015915,False,1980-1985
294637095022901,-95.042000,29.777000,-44.470000,7.336536,152.400000,-145.063464,0.027347,0.027347,,0.027347,False,1980-1985
294637095103401,-95.176000,29.777000,-84.720000,8.446008,374.904000,-366.457992,0.032555,0.032555,,0.032555,False,1980-1985
294639095411001,-95.686000,29.778000,-55.340000,27.889200,423.672000,-395.782800,0.090329,0.090329,0.091603,0.091603,True,1980-1985
294641095295401,-95.499000,29.778000,-100.490000,20.680680,465.124800,-444.444120,0.097471,0.097471,0.086405,0.086405,True,1980-1985
294642094534601,-94.896000,29.779000,-25.640000,6.489192,124.968000,-118.478808,0.015071,0.015071,,0.015071,False,1980-1985
294642095114901,-95.197000,29.779000,-81.670000,7.181088,259.689600,-252.508512,0.002006,0.002006,-0.013376,-0.013376,True,1980-1985
294642095371001,-95.620000,29.779000,-79.970000,24.350472,368.808000,-344.457528,-0.009497,-0.009497,-0.018617,-0.018617,True,1980-1985
294645095104401,-95.179000,29.779000,-80.180000,7.952232,371.856000,-363.903768,-0.004887,-0.004887,-0.013376,-0.013376,True,1980-1985
294651095303301,-95.509000,29.781000,-105.070000,20.744688,478.536000,-457.791312,0.132555,0.132555,0.173423,0.173423,True,1980-1985
294652095581001,-95.970000,29.781000,10.070000,49.222152,169.773600,-120.551448,0.061503,0.061503,,0.061503,False,1980-1985
294656095382501,-95.641000,29.782000,-73.470000,28.245816,356.616000,-328.370184,0.016481,0.016481,0.014615,0.014615,True,1980-1985
294658095412301,-95.690000,29.783000,-4.320000,32.324040,88.087200,-55.763160,0.149920,0.149920,0.154978,0.154978,True,1980-1985
294700095101401,-95.171000,29.784000,-80.110000,8.711184,368.808000,-360.096816,-0.023394,-0.023394,,-0.023394,False,1980-1985
294702095364001,-95.611000,29.784000,-81.130000,25.697688,307.848000,-282.150312,-0.005873,-0.005873,-0.018412,-0.018412,True,1980-1985
294702095394001,-95.664000,29.783000,-58.360000,28.666440,392.582400,-363.915960,0.028187,0.028187,-0.005280,-0.005280,True,1980-1985
294704095462001,-95.772000,29.785000,1.480000,40.806624,246.278400,-205.471776,0.131724,0.131724,0.170379,0.170379,True,1980-1985
294707095372201,-95.624000,29.786000,-75.840000,18.483072,509.016000,-490.532928,-0.016843,-0.016843,-0.026830,-0.026830,True,1980-1985
294708095300801,-95.502000,29.786000,-44.850000,20.516088,131.064000,-110.547912,0.104551,0.104551,,0.104551,False,1980-1985
294708095363201,-95.609000,29.786000,-86.960000,25.277064,347.472000,-322.194936,-0.036358,-0.036358,-0.058535,-0.058535,True,1980-1985
294709095062504,-95.107000,29.786000,-76.550000,7.943088,385.572000,-377.628912,0.135179,0.135179,0.144097,0.144097,True,1980-1985
294712095401301,-95.671000,29.787000,-58.580000,29.803344,424.891200,-395.087856,0.071838,0.071838,,0.071838,False,1980-1985
294717095401001,-95.670000,29.788000,-57.800000,30.199584,500.176800,-469.977216,0.033171,0.033171,-0.005280,-0.005280,True,1980-1985
294720095365301,-95.615000,29.790000,-77.440000,27.840432,512.673600,-484.833168,-0.009521,-0.009521,-0.018206,-0.018206,True,1980-1985
294720095431501,-95.721000,29.789000,-45.290000,35.938968,374.904000,-338.965032,0.108693,0.108693,0.129873,0.129873,True,1980-1985
294721095283201,-95.476000,29.789000,-99.970000,20.049744,507.492000,-487.442256,0.097211,0.097211,,0.097211,False,1980-1985
294721095361001,-95.603000,29.789000,-77.380000,25.706832,345.948000,-320.241168,0.033624,0.033624,0.022559,0.022559,True,1980-1985
294722095165901,-95.283000,29.790000,-82.060000,11.524488,273.405600,-261.881112,0.084026,0.084026,,0.084026,False,1980-1985
294723095370501,-95.618000,29.790000,-80.030000,27.614880,521.817600,-494.202720,0.005617,0.005617,-0.005187,-0.005187,True,1980-1985
294724095351401,-95.587000,29.790000,-90.480000,27.709368,480.060000,-452.350632,0.150300,0.150000,0.166798,0.166798,True,1980-1985
294724095444801,-95.747000,29.790000,-40.790000,38.532816,365.455200,-326.922384,0.159375,0.150000,0.163261,0.163261,True,1980-1985
294726095052402,-95.090000,29.791000,-39.740000,8.784336,140.512800,-131.728464,0.122797,0.122797,0.149695,0.149695,True,1980-1985
294726095350702,-95.586000,29.791000,-26.390000,27.279600,109.728000,-82.448400,0.150008,0.150000,0.149870,0.149870,True,1980-1985
294726095351102,-95.586000,29.791000,-81.920000,27.755088,549.249600,-521.494512,0.081513,0.081513,,0.081513,False,1980-1985
294726095351104,-95.587000,29.791000,-18.500000,27.480768,72.237600,-44.756832,0.156073,0.150000,0.154813,0.154813,True,1980-1985
294728095200101,-95.334000,29.791000,-69.120000,14.023848,393.496800,-379.472952,0.092059,0.092059,0.106718,0.106718,True,1980-1985
294728095200102,-95.334000,29.791000,-105.700000,14.023848,486.460800,-472.436952,0.108147,0.108147,0.109419,0.109419,True,1980-1985
294728095200103,-95.334000,29.791000,-68.200000,14.023848,148.437600,-134.413752,0.107823,0.107823,0.098763,0.098763,True,1980-1985
294728095200104,-95.334000,29.791000,-87.250000,14.023848,315.468000,-301.444152,0.070627,0.070627,0.107899,0.107899,True,1980-1985
294728095200105,-95.334000,29.791000,-36.820000,14.023848,90.830400,-76.806552,0.144547,0.144547,0.135149,0.135149,True,1980-1985
294732095023501,-95.043000,29.793000,-45.210000,9.284208,142.646400,-133.362192,0.032673,0.032673,,0.032673,False,1980-1985
294732095103401,-95.177000,29.794000,-80.890000,9.058656,365.150400,-356.091744,-0.033068,-0.033068,-0.057359,-0.057359,True,1980-1985
294735095023401,-95.043000,29.793000,-44.080000,10.436352,141.427200,-130.990848,0.035894,0.035894,,0.035894,False,1980-1985
294742095160101,-95.267000,29.795000,-78.780000,10.543032,284.683200,-274.140168,0.035179,0.035179,,0.035179,False,1980-1985
294745095331101,-95.553000,29.796000,-49.270000,27.520392,195.986400,-168.466008,0.110785,0.110785,,0.110785,False,1980-1985
294745095432601,-95.724000,29.796000,-28.480000,37.225224,236.220000,-198.994776,0.093875,0.093875,0.120097,0.120097,True,1980-1985
294747095444701,-95.747000,29.797000,-34.160000,38.395656,368.808000,-330.412344,0.114055,0.114055,0.124118,0.124118,True,1980-1985
294752095242102,-95.406000,29.798000,-94.720000,19.034760,446.532000,-427.497240,0.056325,0.056325,0.043495,0.043495,True,1980-1985
294753095090701,-95.152000,29.798000,-77.140000,9.494520,432.816000,-423.321480,0.006277,0.006277,,0.006277,False,1980-1985
294753095454001,-95.762000,29.797000,-34.810000,40.568880,356.616000,-316.047120,0.125107,0.125107,0.138466,0.138466,True,1980-1985
294753095454002,-95.761000,29.798000,-11.330000,40.977312,187.452000,-146.474688,0.123383,0.123383,0.138466,0.138466,True,1980-1985
294755095470501,-95.785000,29.799000,-19.250000,41.666160,368.808000,-327.141840,0.142446,0.142446,0.170379,0.170379,True,1980-1985
294758095312801,-95.525000,29.800000,-45.270000,25.594056,180.441600,-154.847544,0.110846,0.110846,,0.110846,False,1980-1985
294800095344101,-95.578000,29.800000,-100.800000,27.858720,355.092000,-327.233280,0.021679,0.021679,,0.021679,False,1980-1985
294801095502101,-95.839000,29.801000,-19.820000,44.823888,166.420800,-121.596912,0.060533,0.060533,,0.060533,False,1980-1985
294803095105701,-95.183000,29.801000,-79.750000,9.646920,353.568000,-343.921080,-0.025481,-0.025481,-0.042185,-0.042185,True,1980-1985
294804095435702,-95.733000,29.801000,-31.970000,38.060376,383.438400,-345.378024,0.074456,0.074456,,0.074456,False,1980-1985
294808095485401,-95.820000,29.802000,-8.320000,44.500800,216.408000,-171.907200,0.066729,0.066729,,0.066729,False,1980-1985
294811095095201,-95.165000,29.803000,-74.640000,9.823704,474.878400,-465.054696,-0.029182,-0.029182,-0.055874,-0.055874,True,1980-1985
294811095241901,-95.406000,29.803000,-89.070000,19.089624,316.687200,-297.597576,0.068155,0.068155,0.068562,0.068562,True,1980-1985
294812095013001,-95.025000,29.804000,-39.560000,9.555480,151.790400,-142.234920,0.029219,0.029219,,0.029219,False,1980-1985
294812095241601,-95.405000,29.804000,-111.640000,18.556224,527.304000,-508.747776,0.090354,0.090354,,0.090354,False,1980-1985
294815095201701,-95.338000,29.805000,-110.270000,13.703808,633.984000,-620.280192,0.090223,0.090223,0.079394,0.079394,True,1980-1985
294816095242501,-95.407000,29.805000,-102.120000,18.815304,576.072000,-557.256696,0.041945,0.041945,0.032882,0.032882,True,1980-1985
294818095110601,-95.185000,29.805000,-81.420000,9.857232,353.568000,-343.710768,-0.031452,-0.031452,-0.055874,-0.055874,True,1980-1985
294820095342002,-95.573000,29.806000,-100.830000,28.721304,479.450400,-450.729096,0.054482,0.054482,,0.054482,False,1980-1985
294825095015601,-95.032000,29.807000,-42.890000,10.009632,149.047200,-139.037568,0.032743,0.032743,,0.032743,False,1980-1985
294832095420901,-95.703000,29.809000,-42.990000,34.844736,196.596000,-161.751264,0.041126,0.041126,,0.041126,False,1980-1985
294836095241901,-95.406000,29.810000,-100.530000,19.431000,375.513600,-356.082600,0.024554,0.024554,0.007904,0.007904,True,1980-1985
294836095241902,-95.406000,29.810000,-97.740000,19.431000,443.484000,-424.053000,0.056189,0.056189,0.050722,0.050722,True,1980-1985
294844095200901,-95.336000,29.812000,-92.770000,14.453616,603.504000,-589.050384,0.019540,0.019540,,0.019540,False,1980-1985
294848095433701,-95.727000,29.814000,-38.780000,38.069520,368.808000,-330.738480,0.088108,0.088108,,0.088108,False,1980-1985
294849095022801,-95.041000,29.814000,-39.880000,10.704576,146.304000,-135.599424,0.033943,0.033943,,0.033943,False,1980-1985
294849095034701,-95.063000,29.814000,-42.830000,10.098024,146.913600,-136.815576,0.061885,0.061885,,0.061885,False,1980-1985
294852095342202,-95.573000,29.815000,-99.430000,28.922472,470.916000,-441.993528,0.058516,0.058516,0.029974,0.029974,True,1980-1985
294853095033301,-95.059000,29.815000,-39.140000,9.979152,145.084800,-135.105648,0.063713,0.063713,,0.063713,False,1980-1985
294855095542001,-95.906000,29.816000,15.360000,50.258472,199.034400,-148.775928,0.048579,0.048579,0.071511,0.071511,True,1980-1985
294855095553701,-95.927000,29.816000,16.720000,50.996088,256.641600,-205.645512,0.032922,0.032922,,0.032922,False,1980-1985
294856095012101,-95.023000,29.816000,-36.030000,9.375648,135.331200,-125.955552,0.034677,0.034677,,0.034677,False,1980-1985
294856095481201,-95.804000,29.816000,4.010000,44.479464,106.680000,-62.200536,0.065304,0.065304,,0.065304,False,1980-1985
294858095365301,-95.615000,29.816000,-3.360000,28.151328,124.968000,-96.816672,0.103801,0.103801,,0.103801,False,1980-1985
294900095312101,-95.523000,29.817000,-98.200000,25.767792,442.264800,-416.497008,0.053357,0.053357,0.026947,0.026947,True,1980-1985
294901095221001,-95.370000,29.817000,-79.120000,18.781776,351.129600,-332.347824,0.108206,0.108206,,0.108206,False,1980-1985
294902095133501,-95.227000,29.817000,-75.400000,9.756648,435.559200,-425.802552,-0.004695,-0.004695,,-0.004695,False,1980-1985
294902095433601,-95.724000,29.792000,-7.200000,37.420296,103.632000,-66.211704,0.122474,0.122474,0.139650,0.139650,True,1980-1985
294909095200301,-95.334000,29.819000,-108.790000,15.642336,560.527200,-544.884864,0.117436,0.117436,,0.117436,False,1980-1985
294913095241801,-95.405000,29.821000,-103.790000,20.787360,527.304000,-506.516640,0.066974,0.066974,0.047518,0.047518,True,1980-1985
294913095305801,-95.516000,29.821000,-100.420000,25.374600,524.256000,-498.881400,0.049791,0.049791,0.030239,0.030239,True,1980-1985
294914095382301,-95.640000,29.821000,-20.270000,30.361128,115.519200,-85.158072,0.117174,0.117174,,0.117174,False,1980-1985
294914095532101,-95.889000,29.821000,6.210000,50.627280,327.355200,-276.727920,0.059991,0.059991,0.071511,0.071511,True,1980-1985
294918095013001,-95.025000,29.822000,-31.460000,9.604248,126.492000,-116.887752,0.048713,0.048713,,0.048713,False,1980-1985
294919095422801,-95.708000,29.822000,-48.250000,38.508432,281.025600,-242.517168,0.061724,0.061724,0.065126,0.065126,True,1980-1985
294920095314601,-95.530000,29.823000,-97.620000,26.584656,441.960000,-415.375344,0.057859,0.057859,0.033531,0.033531,True,1980-1985
294921095312901,-95.525000,29.823000,-102.140000,25.956768,443.484000,-417.527232,0.065475,0.065475,,0.065475,False,1980-1985
294921095492201,-95.823000,29.823000,8.980000,47.286672,161.239200,-113.952528,0.032158,0.032158,,0.032158,False,1980-1985
294924095024301,-95.046000,29.824000,-35.960000,11.993880,155.448000,-143.454120,0.038979,0.038979,,0.038979,False,1980-1985
294925095341201,-95.570000,29.825000,-99.560000,29.394912,465.734400,-436.339488,0.073476,0.073476,0.077216,0.077216,True,1980-1985
294926094595501,-94.999000,29.824000,-30.370000,11.890248,128.016000,-116.125752,0.054489,0.054489,,0.054489,False,1980-1985
294930095125401,-95.215000,29.825000,-74.640000,10.658856,457.200000,-446.541144,0.034013,0.034013,0.027568,0.027568,True,1980-1985
294931095240801,-95.403000,29.826000,-91.500000,20.985480,573.024000,-552.038520,-0.021741,-0.021741,-0.046082,-0.046082,True,1980-1985
294932094551401,-94.921000,29.826000,-27.790000,8.010144,114.300000,-106.289856,-0.000927,-0.000927,-0.009878,-0.009878,True,1980-1985
294932095132601,-95.224000,29.826000,-78.440000,10.619232,471.830400,-461.211168,0.031401,0.031401,0.039233,0.039233,True,1980-1985
294932095132602,-95.224000,29.826000,-76.930000,10.619232,472.440000,-461.820768,0.033370,0.033370,0.033975,0.033975,True,1980-1985
294932095200601,-95.335000,29.826000,-105.720000,19.101816,579.424800,-560.322984,0.088453,0.088453,,0.088453,False,1980-1985
294932095293501,-95.493000,29.826000,-53.090000,23.207472,262.737600,-239.530128,0.133906,0.133906,,0.133906,False,1980-1985
294933095361201,-95.604000,29.826000,-19.550000,29.955744,291.998400,-262.042656,0.091659,0.091659,0.097987,0.097987,True,1980-1985
294948095441001,-95.736000,29.830000,1.060000,41.620440,109.423200,-67.802760,0.115951,0.115951,,0.115951,False,1980-1985
294949095404801,-95.680000,29.831000,-50.440000,34.229040,161.544000,-127.314960,0.022187,0.022187,-0.009815,-0.009815,True,1980-1985
294950095313701,-95.527000,29.831000,-95.510000,27.374088,452.628000,-425.253912,0.054583,0.054583,0.066687,0.066687,True,1980-1985
294952095342601,-95.574000,29.831000,-91.790000,30.047184,365.760000,-335.712816,0.032204,0.032204,0.074551,0.074551,True,1980-1985
294953095065601,-95.116000,29.832000,-65.600000,11.963400,480.060000,-468.096600,0.058281,0.058281,,0.058281,False,1980-1985
294958095124301,-95.212000,29.833000,-67.020000,11.222736,181.356000,-170.133264,0.036681,0.036681,0.033975,0.033975,True,1980-1985
294958095200301,-95.334000,29.833000,-99.340000,19.223736,600.456000,-581.232264,0.058482,0.058482,,0.058482,False,1980-1985
294959095405501,-95.683000,29.834000,-48.820000,35.283648,327.660000,-292.376352,0.032102,0.032102,-0.009815,-0.009815,True,1980-1985
295001094544401,-94.912000,29.834000,-26.140000,7.696200,281.025600,-273.329400,-0.003489,-0.003489,-0.009878,-0.009878,True,1980-1985
295001095240302,-95.401000,29.834000,-89.050000,20.345400,393.192000,-372.846600,0.098077,0.098077,0.113674,0.113674,True,1980-1985
295005095070301,-95.118000,29.835000,-17.290000,11.954256,465.429600,-453.475344,0.017872,0.017872,,0.017872,False,1980-1985
295005095071301,-95.121000,29.835000,-78.300000,12.012168,478.536000,-466.523832,0.080132,0.080132,,0.080132,False,1980-1985
295018095171101,-95.287000,29.839000,-69.120000,14.127480,245.973600,-231.846120,0.110757,0.110757,,0.110757,False,1980-1985
295019095240801,-95.403000,29.839000,-109.470000,20.007072,539.496000,-519.488928,0.129144,0.129144,0.139250,0.139250,True,1980-1985
295027095472101,-95.789000,29.841000,-21.950000,44.860464,321.259200,-276.398736,0.064704,0.064704,,0.064704,False,1980-1985
295030095103901,-95.178000,29.842000,-27.530000,12.554712,121.005600,-108.450888,0.128078,0.128078,,0.128078,False,1980-1985
295034095533501,-95.893000,29.843000,16.930000,52.267104,137.160000,-84.892896,0.021368,0.021368,,0.021368,False,1980-1985
295038095112001,-95.189000,29.844000,-57.880000,11.670792,181.356000,-169.685208,0.045568,0.045568,0.053327,0.053327,True,1980-1985
295038095423201,-95.709000,29.844000,-35.760000,39.206424,214.884000,-175.677576,0.066856,0.066856,0.059807,0.059807,True,1980-1985
295040095413701,-95.694000,29.845000,-45.980000,37.697664,316.992000,-279.294336,0.028737,0.028737,0.015597,0.015597,True,1980-1985
295042095472301,-95.790000,29.845000,-2.540000,45.009816,313.029600,-268.019784,0.045362,0.045362,,0.045362,False,1980-1985
295044095565201,-95.948000,29.846000,16.410000,54.876192,324.307200,-269.431008,0.038157,0.038157,,0.038157,False,1980-1985
295048095240801,-95.403000,29.847000,-107.890000,20.970240,554.736000,-533.765760,0.119212,0.119212,0.117077,0.117077,True,1980-1985
295050095200101,-95.334000,29.848000,-82.110000,23.814024,562.660800,-538.846776,0.001150,0.001150,,0.001150,False,1980-1985
295050095432901,-95.725000,29.848000,-37.340000,41.013888,291.998400,-250.984512,0.024551,0.024551,0.020981,0.020981,True,1980-1985
295105095394001,-95.661000,29.852000,-77.230000,36.841176,371.856000,-335.014824,0.123636,0.123636,,0.123636,False,1980-1985
295106095402501,-95.674000,29.852000,-45.160000,37.889688,391.972800,-354.083112,0.051421,0.051421,0.051729,0.051729,True,1980-1985
295109095120701,-95.202000,29.853000,-64.570000,12.710160,307.848000,-295.137840,0.054188,0.054188,0.053327,0.053327,True,1980-1985
295109095240801,-95.403000,29.853000,-100.940000,22.290024,557.784000,-535.493976,0.076754,0.076754,,0.076754,False,1980-1985
295110095482301,-95.807000,29.853000,4.660000,47.012352,216.408000,-169.395648,0.033186,0.033186,,0.033186,False,1980-1985
295110095502301,-95.840000,29.853000,26.040000,49.990248,245.973600,-195.983352,0.045456,0.045456,,0.045456,False,1980-1985
295112095454701,-95.763000,29.854000,-17.330000,43.918632,134.112000,-90.193368,0.007777,0.007777,,0.007777,False,1980-1985
295116095200401,-95.335000,29.855000,-93.060000,17.468088,605.332800,-587.864712,0.073105,0.073105,,0.073105,False,1980-1985
295124095412201,-95.690000,29.857000,-40.640000,39.285672,397.764000,-358.478328,0.027097,0.027097,0.025735,0.025735,True,1980-1985
295130095241201,-95.404000,29.859000,-108.510000,23.463504,510.540000,-487.076496,0.104266,0.104266,,0.104266,False,1980-1985
295135095453801,-95.761000,29.860000,3.260000,44.357544,108.813600,-64.456056,-0.022954,-0.022954,-0.052346,-0.052346,True,1980-1985
295138095364301,-95.612000,29.861000,-49.080000,34.344864,349.300800,-314.955936,0.078714,0.078714,,0.078714,False,1980-1985
295146095405401,-95.682000,29.863000,-35.940000,39.038784,214.884000,-175.845216,0.036477,0.036477,0.038732,0.038732,True,1980-1985
295150095254601,-95.431000,29.864000,-109.060000,25.828752,463.296000,-437.467248,0.071833,0.071833,,0.071833,False,1980-1985
295150095352101,-95.589000,29.864000,-3.050000,34.161984,84.734400,-50.572416,0.164453,0.150000,0.182079,0.182079,True,1980-1985
295156094542001,-94.906000,29.866000,-21.380000,13.222224,161.848800,-148.626576,0.009900,0.009900,,0.009900,False,1980-1985
295156095434801,-95.730000,29.866000,18.310000,42.382440,269.138400,-226.755960,0.034581,0.034581,,0.034581,False,1980-1985
295159094541601,-94.905000,29.867000,-20.850000,13.405104,161.544000,-148.138896,0.013741,0.013741,,0.013741,False,1980-1985
295201095173201,-95.293000,29.867000,-65.990000,17.492472,265.176000,-247.683528,0.061287,0.061287,,0.061287,False,1980-1985
295202095261401,-95.438000,29.867000,-98.130000,26.386536,480.364800,-453.978264,0.081306,0.081306,0.113646,0.113646,True,1980-1985
295205095080001,-95.134000,29.868000,-48.610000,13.164312,162.153600,-148.989288,0.061165,0.061165,0.039374,0.039374,True,1980-1985
295207095262101,-95.439000,29.869000,-60.510000,25.850088,188.976000,-163.125912,0.128303,0.128303,0.124567,0.124567,True,1980-1985
295212095054401,-95.096000,29.870000,-63.450000,7.263384,521.817600,-514.554216,0.021961,0.021961,0.027640,0.027640,True,1980-1985
295213095532101,-95.889000,29.871000,21.420000,53.995320,233.781600,-179.786280,0.034351,0.034351,,0.034351,False,1980-1985
295216095034001,-95.061000,29.871000,-28.130000,13.487400,82.905600,-69.418200,0.097672,0.097672,,0.097672,False,1980-1985
295216095404601,-95.680000,29.871000,-33.110000,36.332160,216.408000,-180.075840,0.048117,0.048117,0.042208,0.042208,True,1980-1985
295216095434001,-95.730000,29.872000,-30.200000,42.626280,265.176000,-222.549720,-0.026381,-0.026381,-0.058314,-0.058314,True,1980-1985
295218095060501,-95.102000,29.872000,-62.390000,12.954000,485.546400,-472.592400,0.014475,0.014475,,0.014475,False,1980-1985
295218095083701,-95.144000,29.872000,-63.790000,13.484352,193.548000,-180.063648,0.012282,0.012282,-0.003211,-0.003211,True,1980-1985
295218095572701,-95.958000,29.872000,20.730000,56.589168,255.727200,-199.138032,0.083978,0.083978,,0.083978,False,1980-1985
295225095452401,-95.757000,29.874000,8.480000,44.610528,208.788000,-164.177472,-0.032182,-0.032182,-0.052346,-0.052346,True,1980-1985
295226095071801,-95.122000,29.874000,-61.540000,13.798296,495.300000,-481.501704,0.025657,0.025657,0.040984,0.040984,True,1980-1985
295227095200501,-95.335000,29.874000,-58.620000,17.995392,175.260000,-157.264608,0.067932,0.067932,,0.067932,False,1980-1985
295228095065101,-95.115000,29.875000,-61.870000,14.581632,496.214400,-481.632768,0.027910,0.027910,0.042051,0.042051,True,1980-1985
295228095262901,-95.442000,29.875000,-100.230000,26.417016,508.406400,-481.989384,0.101749,0.101749,0.124567,0.124567,True,1980-1985
295229095062701,-95.108000,29.875000,-62.060000,13.661136,477.926400,-464.265264,0.022387,0.022387,0.027640,0.027640,True,1980-1985
295229095074101,-95.128000,29.876000,-62.840000,14.161008,490.118400,-475.957392,0.031533,0.031533,0.043521,0.043521,True,1980-1985
295231095190301,-95.318000,29.876000,-56.070000,18.025872,126.187200,-108.161328,0.081426,0.081426,,0.081426,False,1980-1985
295234095202001,-95.339000,29.876000,-62.310000,17.983200,171.602400,-153.619200,0.070212,0.070212,,0.070212,False,1980-1985
295235095340001,-95.567000,29.877000,-65.150000,32.256984,313.944000,-281.687016,0.107016,0.107016,,0.107016,False,1980-1985
295235095380601,-95.635000,29.877000,-53.120000,37.072824,189.585600,-152.512776,0.014889,0.014889,,0.014889,False,1980-1985
295235095414301,-95.692000,29.876000,-24.610000,40.062912,294.741600,-254.678688,0.031792,0.031792,,0.031792,False,1980-1985
295237095033901,-95.061000,29.877000,-42.920000,13.274040,196.900800,-183.626760,0.038085,0.038085,,0.038085,False,1980-1985
295240095244501,-95.413000,29.878000,-48.610000,25.356312,124.968000,-99.611688,0.086836,0.086836,0.075941,0.075941,True,1980-1985
295241095075201,-95.131000,29.878000,-49.470000,14.456664,215.798400,-201.341736,0.048220,0.048220,0.044240,0.044240,True,1980-1985
295243095380701,-95.636000,29.879000,-9.560000,37.840920,167.640000,-129.799080,0.114913,0.114913,,0.114913,False,1980-1985
295246095344301,-95.579000,29.880000,-14.730000,33.366456,130.759200,-97.392744,0.146736,0.146736,0.172246,0.172246,True,1980-1985
295246095351301,-95.587000,29.880000,-79.480000,33.777936,459.943200,-426.165264,0.171579,0.150000,0.182851,0.182851,True,1980-1985
295247095344701,-95.580000,29.880000,-70.000000,32.833056,451.104000,-418.270944,0.129975,0.129975,0.166687,0.166687,True,1980-1985
295247095382201,-95.640000,29.880000,-53.320000,37.487352,364.236000,-326.748648,0.119130,0.119130,0.145411,0.145411,True,1980-1985
295248095403501,-95.677000,29.880000,-22.600000,38.737032,124.358400,-85.621368,0.069861,0.069861,0.079628,0.079628,True,1980-1985
295249095364701,-95.613000,29.880000,-88.930000,36.289488,438.302400,-402.012912,0.080475,0.080475,,0.080475,False,1980-1985
295251095264501,-95.446000,29.881000,-104.120000,26.496264,541.629600,-515.133336,0.089594,0.089594,0.106638,0.106638,True,1980-1985
295251095264502,-95.446000,29.881000,-97.600000,26.322528,517.550400,-491.227872,0.079993,0.079993,0.074793,0.074793,True,1980-1985
295254095361901,-95.606000,29.883000,-81.210000,35.670744,440.131200,-404.460456,0.087241,0.087241,,0.087241,False,1980-1985
295256095350201,-95.584000,29.883000,-10.390000,33.979104,82.296000,-48.316896,0.163068,0.150000,0.161128,0.161128,True,1980-1985
295258095354201,-95.595000,29.883000,-60.720000,34.991040,451.104000,-416.112960,0.119466,0.119466,0.136842,0.136842,True,1980-1985
295259095065401,-95.115000,29.883000,-62.820000,14.267688,475.488000,-461.220312,0.027364,0.027364,0.051370,0.051370,True,1980-1985
295301095225901,-95.383000,29.884000,-54.490000,21.406104,108.204000,-86.797896,0.071418,0.071418,,0.071418,False,1980-1985
295301095393901,-95.661000,29.884000,-33.450000,38.996112,348.996000,-309.999888,0.045279,0.045279,,0.045279,False,1980-1985
295302095425201,-95.715000,29.884000,-26.800000,42.233088,323.088000,-280.854912,0.044313,0.044313,0.060015,0.060015,True,1980-1985
295306095270501,-95.452000,29.885000,-95.530000,25.972008,460.552800,-434.580792,0.055297,0.055297,0.036542,0.036542,True,1980-1985
295306095270502,-95.451000,29.885000,-95.520000,26.124408,451.104000,-424.979592,0.049475,0.049475,0.059989,0.059989,True,1980-1985
295306095413401,-95.687000,29.884000,-27.530000,40.718232,323.088000,-282.369768,0.012513,0.012513,-0.014746,-0.014746,True,1980-1985
295308095363801,-95.611000,29.886000,-52.420000,35.844480,323.392800,-287.548320,0.072021,0.072021,0.064559,0.064559,True,1980-1985
295311095572501,-95.957000,29.887000,21.720000,58.033920,304.800000,-246.766080,0.090064,0.090064,,0.090064,False,1980-1985
295314095271402,-95.454000,29.887000,-20.190000,25.871424,106.375200,-80.503776,0.133737,0.133737,,0.133737,False,1980-1985
295314095405301,-95.682000,29.887000,-50.220000,40.230552,374.904000,-334.673448,0.091272,0.091272,0.110787,0.110787,True,1980-1985
295316095541901,-95.906000,29.888000,29.320000,56.013096,282.244800,-226.231704,0.066925,0.066925,,0.066925,False,1980-1985
295316095562801,-95.941000,29.888000,21.580000,58.183272,305.409600,-247.226328,0.081398,0.081398,,0.081398,False,1980-1985
295319095035801,-95.066000,29.889000,-38.250000,13.289280,171.602400,-158.313120,0.045185,0.045185,,0.045185,False,1980-1985
295319095180701,-95.302000,29.889000,-52.530000,19.373088,113.385600,-94.012512,0.093257,0.093257,,0.093257,False,1980-1985
295320095231701,-95.388000,29.889000,-26.240000,22.360128,155.448000,-133.087872,0.112539,0.112539,,0.112539,False,1980-1985
295327095284101,-95.478000,29.891000,-84.990000,27.075384,367.284000,-340.208616,-0.000727,-0.000727,-0.020879,-0.020879,True,1980-1985
295330095243002,-95.409000,29.892000,-55.950000,23.926800,222.199200,-198.272400,0.082953,0.082953,0.074396,0.074396,True,1980-1985
295330095362701,-95.608000,29.892000,-79.230000,36.094416,429.768000,-393.673584,0.089171,0.089171,,0.089171,False,1980-1985
295333095433801,-95.728000,29.893000,-6.780000,43.235880,211.836000,-168.600120,0.031217,0.031217,,0.031217,False,1980-1985
295334095244704,-95.413000,29.893000,-55.870000,24.624792,217.932000,-193.307208,0.078163,0.078163,0.077485,0.077485,True,1980-1985
295335095275601,-95.466000,29.893000,-89.300000,26.493216,284.988000,-258.494784,0.005648,0.005648,0.035380,0.035380,True,1980-1985
295336095253701,-95.427000,29.894000,-88.460000,26.106120,290.169600,-264.063480,0.023660,0.023660,,0.023660,False,1980-1985
295336095292301,-95.490000,29.894000,-85.640000,28.571952,427.939200,-399.367248,0.037614,0.037614,0.010987,0.010987,True,1980-1985
295339095383201,-95.642000,29.894000,-44.200000,37.722048,301.752000,-264.029952,0.072243,0.072243,0.092023,0.092023,True,1980-1985
295344095131001,-95.220000,29.896000,-51.610000,14.791944,175.260000,-160.468056,0.051107,0.051107,,0.051107,False,1980-1985
295346095385801,-95.650000,29.896000,-49.060000,38.630352,237.744000,-199.113648,0.063536,0.063536,,0.063536,False,1980-1985
295348095375701,-95.633000,29.897000,-37.210000,38.395656,226.466400,-188.070744,0.083426,0.083426,0.092023,0.092023,True,1980-1985
295348095470901,-95.786000,29.897000,4.360000,48.764952,201.168000,-152.403048,0.048561,0.048561,,0.048561,False,1980-1985
295350095320801,-95.536000,29.898000,-61.620000,32.375856,188.976000,-156.600144,0.050846,0.050846,,0.050846,False,1980-1985
295402095572401,-95.957000,29.901000,36.360000,59.655456,275.844000,-216.188544,0.064142,0.064142,,0.064142,False,1980-1985
295407095491001,-95.820000,29.902000,26.380000,50.322480,221.284800,-170.962320,0.037726,0.037726,,0.037726,False,1980-1985
295412095362801,-95.608000,29.904000,-65.160000,36.518088,422.148000,-385.629912,0.101638,0.101638,0.082292,0.082292,True,1980-1985
295413095353201,-95.593000,29.904000,-53.780000,35.817048,283.159200,-247.342152,0.075321,0.075321,0.082292,0.082292,True,1980-1985
295414095382001,-95.639000,29.904000,-38.070000,38.764464,347.472000,-308.707536,0.036158,0.036158,,0.036158,False,1980-1985
295420095385601,-95.649000,29.906000,-48.140000,39.535608,305.409600,-265.873992,0.062760,0.062760,0.063351,0.063351,True,1980-1985
295435095325301,-95.548000,29.910000,-13.050000,34.104072,109.423200,-75.319128,0.068947,0.068947,0.029009,0.029009,True,1980-1985
295436095194201,-95.329000,29.910000,-54.900000,20.391120,213.360000,-192.968880,0.056445,0.056445,,0.056445,False,1980-1985
295439095214101,-95.362000,29.911000,-50.950000,21.534120,149.047200,-127.513080,0.064404,0.064404,,0.064404,False,1980-1985
295439095462001,-95.772000,29.911000,9.980000,47.734728,167.640000,-119.905272,0.007922,0.007922,,0.007922,False,1980-1985
295442095542401,-95.907000,29.912000,36.540000,56.647080,246.888000,-190.240920,0.069249,0.069249,,0.069249,False,1980-1985
295449095084102,-95.145000,29.914000,-47.180000,16.404336,458.114400,-441.710064,0.006308,0.006308,-0.003651,-0.003651,True,1980-1985
295449095084103,-95.145000,29.914000,-47.750000,16.404336,213.055200,-196.650864,-0.008023,-0.008023,-0.025964,-0.025964,True,1980-1985
295449095084104,-95.145000,29.914000,-47.870000,16.404336,319.430400,-303.026064,0.007285,0.007285,-0.004975,-0.004975,True,1980-1985
295449095084105,-95.146000,29.913000,-28.960000,15.843504,591.312000,-575.468496,-0.024157,-0.024157,,-0.024157,False,1980-1985
295450095390001,-95.650000,29.914000,-19.630000,40.443912,205.435200,-164.991288,0.095365,0.095365,0.128308,0.128308,True,1980-1985
295451095083901,-95.144000,29.914000,-40.480000,17.407128,164.592000,-147.184872,0.017347,0.017347,0.022748,0.022748,True,1980-1985
295452095244201,-95.412000,29.915000,-44.000000,25.316688,108.204000,-82.887312,0.077045,0.077045,,0.077045,False,1980-1985
295459095361001,-95.603000,29.917000,1.460000,37.194744,272.186400,-234.991656,0.107012,0.107012,,0.107012,False,1980-1985
295501095331501,-95.554000,29.917000,-10.430000,35.024568,247.497600,-212.473032,0.073272,0.073272,,0.073272,False,1980-1985
295501095334401,-95.562000,29.917000,-21.940000,34.957512,225.552000,-190.594488,0.068770,0.068770,0.077120,0.077120,True,1980-1985
295504095223201,-95.376000,29.918000,-17.630000,22.293072,91.440000,-69.146928,0.125701,0.125701,,0.125701,False,1980-1985
295505095462201,-95.773000,29.918000,13.600000,48.432720,172.212000,-123.779280,-0.033695,-0.033695,-0.041454,-0.041454,True,1980-1985
295507095354301,-95.596000,29.919000,-57.880000,37.886640,374.904000,-337.017360,0.116230,0.116230,0.121542,0.121542,True,1980-1985
295520095301401,-95.504000,29.922000,-69.140000,32.296608,249.936000,-217.639392,0.037725,0.037725,,0.037725,False,1980-1985
295521095273301,-95.459000,29.923000,-31.930000,29.568648,131.064000,-101.495352,0.050221,0.050221,,0.050221,False,1980-1985
295528095203901,-95.344000,29.925000,-45.370000,20.924520,170.688000,-149.763480,0.082153,0.082153,,0.082153,False,1980-1985
295529095043501,-95.080000,29.925000,-55.180000,13.408152,297.484800,-284.076648,0.070047,0.070047,,0.070047,False,1980-1985
295532095285101,-95.481000,29.926000,-29.820000,31.028640,182.880000,-151.851360,0.071043,0.071043,,0.071043,False,1980-1985
295538095353101,-95.592000,29.927000,-50.110000,36.682680,350.520000,-313.837320,0.087282,0.087282,,0.087282,False,1980-1985
295540095245601,-95.416000,29.928000,-35.310000,26.545032,99.364800,-72.819768,0.104505,0.104505,,0.104505,False,1980-1985
295543095275101,-95.464000,29.929000,-22.720000,29.474160,111.252000,-81.777840,0.101360,0.101360,0.101322,0.101322,True,1980-1985
295544095462401,-95.774000,29.929000,18.680000,48.722280,295.046400,-246.324120,-0.031075,-0.031075,-0.041053,-0.041053,True,1980-1985
295545095340401,-95.568000,29.929000,-49.550000,36.316920,295.046400,-258.729480,0.075383,0.075383,0.077047,0.077047,True,1980-1985
295546095374001,-95.628000,29.930000,-34.930000,40.023288,212.140800,-172.117512,0.030830,0.030830,,0.030830,False,1980-1985
295548095462501,-95.774000,29.930000,13.310000,48.231552,162.458400,-114.226848,-0.024161,-0.024161,-0.040652,-0.040652,True,1980-1985
295552095562601,-95.941000,29.931000,31.940000,61.557408,252.374400,-190.816992,0.080535,0.080535,,0.080535,False,1980-1985
295553095191201,-95.319000,29.932000,-72.930000,21.866352,512.064000,-490.197648,0.128400,0.128400,0.125419,0.125419,True,1980-1985
295554095433301,-95.726000,29.932000,0.480000,46.722792,353.568000,-306.845208,0.018752,0.018752,,0.018752,False,1980-1985
295555095332501,-95.557000,29.932000,-50.020000,36.768024,249.936000,-213.167976,0.069097,0.069097,0.049027,0.049027,True,1980-1985
295556095341101,-95.570000,29.933000,-51.440000,36.899088,357.225600,-320.326512,0.066720,0.066720,0.054341,0.054341,True,1980-1985
295556095351101,-95.587000,29.933000,-2.050000,37.606224,91.744800,-54.138576,0.141986,0.141986,,0.141986,False,1980-1985
295558095442301,-95.740000,29.933000,-5.890000,46.515528,353.568000,-307.052472,0.049433,0.049433,,0.049433,False,1980-1985
295603095144901,-95.236000,29.934000,-9.090000,16.032480,60.960000,-44.927520,0.161611,0.150000,,0.150000,False,1980-1985
295604095184701,-95.313000,29.935000,-33.300000,22.119336,172.516800,-150.397464,0.133002,0.133002,0.152386,0.152386,True,1980-1985
295604095301001,-95.503000,29.935000,-59.520000,32.918400,298.704000,-265.785600,0.074348,0.074348,,0.074348,False,1980-1985
295604095301002,-95.503000,29.935000,-17.670000,32.918400,117.348000,-84.429600,0.113587,0.113587,,0.113587,False,1980-1985
295604095430601,-95.719000,29.935000,5.850000,46.338744,362.712000,-316.373256,0.008782,0.008782,,0.008782,False,1980-1985
295605095184701,-95.314000,29.935000,-64.400000,22.021800,337.718400,-315.696600,0.123303,0.123303,0.118513,0.118513,True,1980-1985
295615095385601,-95.649000,29.938000,-16.630000,41.864280,190.195200,-148.330920,0.035663,0.035663,,0.035663,False,1980-1985
295616095170101,-95.284000,29.938000,-46.980000,20.458176,182.880000,-162.421824,0.115990,0.115990,0.123965,0.123965,True,1980-1985
295616095170201,-95.284000,29.938000,-42.830000,20.400264,232.257600,-211.857336,0.112802,0.112802,,0.112802,False,1980-1985
295616095195801,-95.333000,29.938000,-18.500000,23.204424,115.824000,-92.619576,0.142970,0.142970,0.136904,0.136904,True,1980-1985
295616095195802,-95.333000,29.938000,-24.480000,23.204424,152.400000,-129.195576,0.129581,0.129581,0.134210,0.134210,True,1980-1985
295617095260101,-95.434000,29.938000,-35.820000,28.510992,319.430400,-290.919408,-0.013602,-0.013602,,-0.013602,False,1980-1985
295618095313401,-95.526000,29.939000,-62.650000,35.329368,289.864800,-254.535432,0.059944,0.059944,0.050813,0.050813,True,1980-1985
295619095171001,-95.287000,29.939000,-66.640000,20.360640,341.376000,-321.015360,0.119684,0.119684,0.123965,0.123965,True,1980-1985
295619095324701,-95.547000,29.939000,-62.950000,35.646360,216.408000,-180.761640,0.032489,0.032489,0.005085,0.005085,True,1980-1985
295620095262701,-95.441000,29.939000,-62.080000,29.489400,434.035200,-404.545800,0.007896,0.007896,-0.016157,-0.016157,True,1980-1985
295621095324701,-95.547000,29.939000,-63.950000,35.573208,413.004000,-377.430792,0.071714,0.071714,0.084803,0.084803,True,1980-1985
295622095271101,-95.453000,29.940000,-66.850000,30.583632,321.868800,-291.285168,0.078780,0.078780,0.070939,0.070939,True,1980-1985
295622095404101,-95.678000,29.940000,-32.560000,43.882056,320.954400,-277.072344,0.043371,0.043371,,0.043371,False,1980-1985
295624095370801,-95.619000,29.940000,-27.030000,40.209216,288.036000,-247.826784,0.030787,0.030787,,0.030787,False,1980-1985
295624095370802,-95.619000,29.940000,-26.890000,40.209216,204.825600,-164.616384,0.036032,0.036032,,0.036032,False,1980-1985
295631095292701,-95.491000,29.942000,-63.100000,32.750760,309.067200,-276.316440,0.072794,0.072794,,0.072794,False,1980-1985
295631095315001,-95.531000,29.942000,-46.430000,35.783520,223.723200,-187.939680,0.083273,0.083273,0.092458,0.092458,True,1980-1985
295633095324401,-95.546000,29.943000,-58.770000,36.097464,214.274400,-178.176936,0.039241,0.039241,0.038405,0.038405,True,1980-1985
295640095335301,-95.565000,29.945000,-41.630000,38.008560,232.562400,-194.553840,0.085656,0.085656,0.100024,0.100024,True,1980-1985
295644095261001,-95.437000,29.946000,-60.970000,28.745688,320.040000,-291.294312,0.003839,0.003839,-0.006343,-0.006343,True,1980-1985
295646095324601,-95.546000,29.946000,-56.090000,36.295584,235.305600,-199.010016,0.054577,0.054577,0.044053,0.044053,True,1980-1985
295647095343901,-95.578000,29.947000,-40.610000,38.316408,329.184000,-290.867592,0.049658,0.049658,0.076148,0.076148,True,1980-1985
295649095215001,-95.364000,29.947000,-71.980000,22.799040,295.656000,-272.856960,0.067339,0.067339,,0.067339,False,1980-1985
295650095315901,-95.533000,29.948000,-46.480000,35.987736,220.980000,-184.992264,0.074014,0.074014,0.090782,0.090782,True,1980-1985
295650095322301,-95.540000,29.948000,-62.450000,36.588192,205.130400,-168.542208,0.025042,0.025042,0.007181,0.007181,True,1980-1985
295654095401901,-95.672000,29.949000,13.150000,43.906440,356.616000,-312.709560,0.043826,0.043826,,0.043826,False,1980-1985
295655095303501,-95.510000,29.949000,-47.200000,34.055304,289.560000,-255.504696,0.079337,0.079337,,0.079337,False,1980-1985
295657095160203,-95.267000,29.949000,-56.460000,20.689824,381.000000,-360.310176,0.106594,0.106594,,0.106594,False,1980-1985
295704095320301,-95.535000,29.953000,-45.300000,35.320224,242.316000,-206.995776,0.096392,0.096392,0.109426,0.109426,True,1980-1985
295705095320201,-95.535000,29.953000,-42.070000,35.442144,238.963200,-203.521056,0.108923,0.108923,0.125812,0.125812,True,1980-1985
295709095300401,-95.501000,29.953000,-53.410000,34.049208,286.512000,-252.462792,0.072292,0.072292,,0.072292,False,1980-1985
295711095330201,-95.551000,29.953000,-62.000000,36.572952,222.504000,-185.931048,0.023120,0.023120,0.010183,0.010183,True,1980-1985
295716095281901,-95.472000,29.955000,-17.290000,31.772352,90.525600,-58.753248,0.125691,0.125691,,0.125691,False,1980-1985
295719095014101,-95.028000,29.956000,-20.360000,15.639288,95.097600,-79.458312,0.037667,0.037667,0.023515,0.023515,True,1980-1985
295719095371701,-95.622000,29.956000,-26.440000,41.138856,274.320000,-233.181144,0.027441,0.027441,,0.027441,False,1980-1985
295720095390802,-95.653000,29.956000,-33.860000,41.083992,306.933600,-265.849608,0.056646,0.056646,,0.056646,False,1980-1985
295722095252501,-95.424000,29.956000,-62.660000,27.700224,243.840000,-216.139776,0.000347,0.000347,-0.043293,-0.043293,True,1980-1985
295723095340201,-95.557000,29.963000,-40.820000,37.283136,310.896000,-273.612864,-0.002373,-0.002373,-0.043687,-0.043687,True,1980-1985
295728095221301,-95.371000,29.958000,-59.640000,26.093928,371.856000,-345.762072,0.118248,0.118248,0.119138,0.119138,True,1980-1985
295729095230101,-95.384000,29.958000,-49.060000,25.527000,249.936000,-224.409000,0.065283,0.065283,0.087184,0.087184,True,1980-1985
295738095012401,-95.024000,29.961000,-21.820000,16.645128,158.191200,-141.546072,0.016449,0.016449,0.023515,0.023515,True,1980-1985
295742095324801,-95.547000,29.962000,-1.000000,37.115496,68.580000,-31.464504,0.114850,0.114850,,0.114850,False,1980-1985
295751095274001,-95.461000,29.964000,-57.100000,31.946088,288.036000,-256.089912,0.086721,0.086721,0.097694,0.097694,True,1980-1985
295754095324901,-95.547000,29.971000,-43.450000,37.743384,251.155200,-213.411816,-0.013253,-0.013253,-0.094524,-0.094524,True,1980-1985
295758095494301,-95.829000,29.966000,24.470000,54.257448,170.078400,-115.820952,0.067631,0.067631,,0.067631,False,1980-1985
295759095214401,-95.362000,29.967000,-18.750000,26.060400,101.193600,-75.133200,0.131185,0.131185,0.151093,0.151093,True,1980-1985
295805095255901,-95.433000,29.968000,-54.720000,30.016704,370.027200,-340.010496,-0.018560,-0.018560,-0.064099,-0.064099,True,1980-1985
295807095241901,-95.406000,29.969000,-18.910000,30.175200,174.650400,-144.475200,0.021912,0.021912,-0.021240,-0.021240,True,1980-1985
295811095322201,-95.540000,29.970000,-49.040000,37.130736,248.412000,-211.281264,0.048964,0.048964,,0.048964,False,1980-1985
295812095274601,-95.463000,29.970000,-57.010000,32.031432,338.328000,-306.296568,0.104073,0.104073,0.142823,0.142823,True,1980-1985
295813095343601,-95.577000,29.971000,-31.400000,39.383208,155.448000,-116.064792,0.058509,0.058509,0.045033,0.045033,True,1980-1985
295813095343801,-95.578000,29.971000,-45.620000,38.965632,304.800000,-265.834368,0.094568,0.094568,0.119633,0.119633,True,1980-1985
295817095065501,-95.118000,29.972000,-24.150000,19.647408,169.164000,-149.516592,0.050069,0.050069,0.056955,0.056955,True,1980-1985
295821095343401,-95.576000,29.973000,-27.370000,38.929056,178.308000,-139.378944,0.074971,0.074971,0.081719,0.081719,True,1980-1985
295821095481901,-95.806000,29.973000,20.990000,53.157120,272.796000,-219.638880,0.115404,0.115404,,0.115404,False,1980-1985
295823095285601,-95.483000,29.973000,-53.140000,33.403032,393.192000,-359.788968,0.070839,0.070839,0.080132,0.080132,True,1980-1985
295830095215601,-95.366000,29.975000,-16.890000,26.980896,121.920000,-94.939104,0.104906,0.104906,0.137426,0.137426,True,1980-1985
295830095333501,-95.560000,29.975000,-30.490000,38.807136,341.376000,-302.568864,0.028038,0.028038,0.007120,0.007120,True,1980-1985
295831095530801,-95.886000,29.976000,23.950000,66.870072,306.933600,-240.063528,0.126190,0.126190,,0.126190,False,1980-1985
295836095233301,-95.393000,29.977000,-15.300000,29.983176,344.424000,-314.440824,-0.013545,-0.013545,-0.037843,-0.037843,True,1980-1985
295840095525901,-95.882000,29.979000,53.730000,65.906904,207.264000,-141.357096,0.069975,0.069975,,0.069975,False,1980-1985
295842095361201,-95.603000,29.979000,-32.670000,39.870888,361.188000,-321.317112,0.052660,0.052660,,0.052660,False,1980-1985
295845095304101,-95.512000,29.979000,-34.430000,37.472112,244.449600,-206.977488,0.055982,0.055982,,0.055982,False,1980-1985
295846095270801,-95.453000,29.980000,-69.420000,30.806136,413.004000,-382.197864,0.116382,0.116382,0.130598,0.130598,True,1980-1985
295847095270001,-95.450000,29.980000,-64.450000,30.513528,396.240000,-365.726472,0.091976,0.091976,0.125190,0.125190,True,1980-1985
295849095114901,-95.197000,29.981000,-42.460000,20.735544,333.756000,-313.020456,0.072777,0.072777,0.060200,0.060200,True,1980-1985
295850095201301,-95.338000,29.980000,-51.500000,27.380184,470.916000,-443.535816,0.065559,0.065559,,0.065559,False,1980-1985
295854095400301,-95.668000,29.982000,-14.330000,43.211496,287.731200,-244.519704,0.061814,0.061814,,0.061814,False,1980-1985
295855095204301,-95.346000,29.982000,-49.440000,27.084528,469.392000,-442.307472,0.059980,0.059980,,0.059980,False,1980-1985
295856095230202,-95.384000,29.983000,-23.700000,28.815792,188.976000,-160.160208,0.019823,0.019823,0.024984,0.024984,True,1980-1985
295904095064001,-95.111000,29.985000,-34.400000,19.818096,349.300800,-329.482704,0.070406,0.070406,0.056955,0.056955,True,1980-1985
295905095315701,-95.533000,29.985000,-25.480000,37.767768,201.168000,-163.400232,0.078815,0.078815,,0.078815,False,1980-1985
295910095443501,-95.743000,29.986000,32.640000,47.353728,152.095200,-104.741472,0.105194,0.105194,0.117569,0.117569,True,1980-1985
295911095284601,-95.480000,29.987000,-59.210000,34.744152,388.315200,-353.571048,0.106008,0.106008,0.106915,0.106915,True,1980-1985
295913095120101,-95.201000,29.987000,-28.320000,20.924520,99.060000,-78.135480,0.042750,0.042750,0.034395,0.034395,True,1980-1985
295914095304701,-95.513000,29.988000,-35.540000,37.761672,236.220000,-198.458328,0.066771,0.066771,,0.066771,False,1980-1985
295915095194001,-95.329000,29.988000,-50.450000,27.249120,496.824000,-469.574880,0.094911,0.094911,,0.094911,False,1980-1985
295915095311301,-95.521000,29.988000,-33.030000,37.472112,240.182400,-202.710288,0.058805,0.058805,,0.058805,False,1980-1985
295917095283601,-95.477000,29.988000,-32.990000,34.927032,143.256000,-108.328968,0.071858,0.071858,0.089321,0.089321,True,1980-1985
295918095284601,-95.480000,29.989000,-56.130000,34.722816,377.952000,-343.229184,0.103650,0.103650,0.098510,0.098510,True,1980-1985
295921095372201,-95.623000,29.989000,-23.240000,42.988992,293.217600,-250.228608,0.065972,0.065972,,0.065972,False,1980-1985
295923095291101,-95.487000,29.990000,-37.280000,35.884104,310.896000,-275.011896,0.046892,0.046892,,0.046892,False,1980-1985
295924095353201,-95.593000,29.990000,-15.760000,38.691312,286.512000,-247.820688,0.076296,0.076296,0.092492,0.092492,True,1980-1985
295924095450601,-95.754000,29.990000,18.960000,48.649128,269.748000,-221.098872,0.101984,0.101984,0.117569,0.117569,True,1980-1985
295928095251301,-95.421000,29.991000,-42.380000,32.089344,385.267200,-353.177856,-0.022407,-0.022407,-0.063273,-0.063273,True,1980-1985
295931095245601,-95.416000,29.992000,-48.880000,31.491936,281.940000,-250.448064,0.019389,0.019389,-0.012931,-0.012931,True,1980-1985
295932095105701,-95.183000,29.992000,-30.340000,20.766024,334.060800,-313.294776,0.032328,0.032328,,0.032328,False,1980-1985
295932095514701,-95.863000,29.992000,30.680000,65.211960,402.336000,-337.124040,0.045183,0.045183,,0.045183,False,1980-1985
295934095260401,-95.435000,29.993000,-45.500000,32.375856,353.568000,-321.192144,-0.020064,-0.020064,-0.047778,-0.047778,True,1980-1985
295936095343901,-95.578000,29.994000,0.900000,38.983920,106.680000,-67.696080,0.103280,0.103280,0.092492,0.092492,True,1980-1985
295939095251001,-95.420000,29.994000,-51.440000,32.028384,399.288000,-367.259616,0.000733,0.000733,0.021916,0.021916,True,1980-1985
295940095483801,-95.811000,29.995000,29.020000,60.463176,167.640000,-107.176824,0.089921,0.089921,,0.089921,False,1980-1985
295943095062801,-95.108000,29.996000,-43.940000,20.196048,350.520000,-330.323952,0.090916,0.090916,,0.090916,False,1980-1985
295944095155801,-95.266000,29.996000,-28.800000,27.020520,88.392000,-61.371480,0.035094,0.035094,0.037409,0.037409,True,1980-1985
295950095084001,-95.145000,29.997000,-25.250000,17.842992,164.592000,-146.749008,0.064152,0.064152,,0.064152,False,1980-1985
295953095420101,-95.701000,29.998000,15.690000,47.734728,130.454400,-82.719672,0.071203,0.071203,,0.071203,False,1980-1985
295953095420102,-95.701000,29.998000,15.690000,47.734728,124.968000,-77.233272,0.071203,0.071203,,0.071203,False,1980-1985
295954095283301,-95.476000,29.999000,5.820000,35.533584,72.542400,-37.008816,0.147966,0.147966,,0.147966,False,1980-1985
300002095463701,-95.777000,30.001000,30.590000,60.530232,166.725600,-106.195368,0.081218,0.081218,,0.081218,False,1980-1985
300003095230101,-95.384000,30.001000,-62.180000,29.084016,423.672000,-394.587984,0.084258,0.084258,0.090558,0.090558,True,1980-1985
300013094580901,-94.969000,30.004000,-15.210000,20.439888,255.117600,-234.677712,0.021363,0.021363,,0.021363,False,1980-1985
300015095343301,-95.576000,30.004000,-19.510000,41.775888,207.264000,-165.488112,0.067095,0.067095,0.085108,0.085108,True,1980-1985
300017095271601,-95.455000,30.005000,-37.200000,34.137600,207.264000,-173.126400,0.038918,0.038918,0.029591,0.029591,True,1980-1985
300019095252401,-95.424000,30.006000,-50.480000,32.055816,352.044000,-319.988184,0.009267,0.009267,0.023008,0.023008,True,1980-1985
300020094584601,-94.980000,30.006000,-12.530000,20.196048,243.840000,-223.643952,0.016942,0.016942,,0.016942,False,1980-1985
300026095284801,-95.480000,30.008000,-40.070000,30.095952,248.107200,-218.011248,0.084085,0.084085,0.099023,0.099023,True,1980-1985
300028095161801,-95.272000,30.008000,-35.270000,27.803856,262.128000,-234.324144,0.024724,0.024724,0.037409,0.037409,True,1980-1985
300029095284301,-95.479000,30.008000,-23.890000,32.900112,161.544000,-128.643888,0.092107,0.092107,0.137488,0.137488,True,1980-1985
300036095094701,-95.163000,30.010000,-34.140000,20.689824,321.564000,-300.874176,0.050239,0.050239,0.081635,0.081635,True,1980-1985
300037095084801,-95.147000,30.011000,-21.540000,20.805648,167.335200,-146.529552,0.038714,0.038714,,0.038714,False,1980-1985
300038095222601,-95.374000,30.011000,-45.060000,26.109168,231.648000,-205.538832,0.072023,0.072023,0.090558,0.090558,True,1980-1985
300042095485201,-95.815000,30.012000,52.990000,63.608712,224.637600,-161.028888,-0.016230,-0.016230,,-0.016230,False,1980-1985
300045095333101,-95.559000,30.013000,-53.490000,41.586912,368.808000,-327.221088,0.089770,0.089770,,0.089770,False,1980-1985
300050095275301,-95.464000,30.014000,-41.790000,35.871912,355.092000,-319.220088,0.053806,0.053806,0.045627,0.045627,True,1980-1985
300051095175201,-95.298000,30.014000,-24.980000,27.867864,316.382400,-288.514536,0.017544,0.017544,,0.017544,False,1980-1985
300051095271801,-95.455000,30.014000,-34.290000,35.332416,229.209600,-193.877184,0.066119,0.066119,0.055620,0.055620,True,1980-1985
300053095271901,-95.456000,30.015000,-41.870000,35.399472,376.732800,-341.333328,0.038599,0.038599,0.039584,0.039584,True,1980-1985
300055095255601,-95.433000,30.016000,-49.530000,33.902904,346.252800,-312.349896,0.039242,0.039242,,0.039242,False,1980-1985
300056095335601,-95.566000,30.016000,-26.760000,42.543984,293.217600,-250.673616,0.068790,0.068790,0.085108,0.085108,True,1980-1985
300057095210701,-95.352000,30.016000,-10.520000,24.704040,133.502400,-108.798360,0.082005,0.082005,,0.082005,False,1980-1985
300058095204301,-95.346000,30.016000,-3.430000,25.581864,154.533600,-128.951736,0.097980,0.097980,,0.097980,False,1980-1985
300102095485201,-95.815000,30.017000,34.440000,62.980824,167.640000,-104.659176,0.009229,0.009229,,0.009229,False,1980-1985
300103095383301,-95.643000,30.018000,20.570000,47.655480,80.772000,-33.116520,0.140404,0.140404,,0.140404,False,1980-1985
300108095524801,-95.880000,30.019000,27.480000,71.826120,277.368000,-205.541880,0.019329,0.019329,,0.019329,False,1980-1985
300112095252401,-95.424000,30.020000,-52.780000,33.756600,359.664000,-325.907400,0.065708,0.065708,0.081961,0.081961,True,1980-1985
300118095502801,-95.841000,30.022000,48.840000,66.504312,151.485600,-84.981288,-0.129554,-0.129554,-0.170116,-0.170116,True,1980-1985
300120095063601,-95.110000,30.023000,-16.290000,20.945856,111.861600,-90.915744,0.038574,0.038574,0.007748,0.007748,True,1980-1985
300120095063602,-95.110000,30.023000,-16.180000,20.945856,194.157600,-173.211744,0.025610,0.025610,0.014314,0.014314,True,1980-1985
300125095504701,-95.847000,30.024000,25.650000,67.891152,70.104000,-2.212848,-0.031829,-0.031829,,-0.031829,False,1980-1985
300126095241401,-95.404000,30.024000,-45.100000,33.442656,320.649600,-287.206944,0.032816,0.032816,0.054281,0.054281,True,1980-1985
300131095241801,-95.405000,30.026000,-36.260000,31.403544,155.752800,-124.349256,0.062222,0.062222,0.068121,0.068121,True,1980-1985
300133095065101,-95.115000,30.027000,-17.810000,20.759928,307.848000,-287.088072,0.021873,0.021873,0.011031,0.011031,True,1980-1985
300140095285901,-95.483000,30.028000,-58.800000,35.762184,350.520000,-314.757816,0.090527,0.090527,,0.090527,False,1980-1985
300146095510401,-95.851000,30.030000,38.170000,68.266056,90.525600,-22.259544,-0.147641,-0.147641,-0.170116,-0.170116,True,1980-1985
300146095510402,-95.851000,30.030000,-28.220000,68.266056,101.193600,-32.927544,-0.059084,-0.059084,,-0.059084,False,1980-1985
300159095014901,-95.031000,30.033000,-11.440000,20.805648,277.977600,-257.171952,0.018195,0.018195,,0.018195,False,1980-1985
300205095301901,-95.506000,30.035000,-41.410000,36.094416,339.852000,-303.757584,0.087191,0.087191,,0.087191,False,1980-1985
300216095041001,-95.070000,30.038000,-13.280000,20.772120,126.492000,-105.719880,0.039555,0.039555,,0.039555,False,1980-1985
300218095321401,-95.537000,30.039000,-40.980000,40.785288,336.804000,-296.018712,0.081249,0.081249,,0.081249,False,1980-1985
300223095143001,-95.240000,30.040000,-23.030000,25.822656,308.457600,-282.634944,0.023407,0.023407,,0.023407,False,1980-1985
300242094565701,-94.949000,30.045000,-11.500000,23.597616,286.512000,-262.914384,0.011562,0.011562,,0.011562,False,1980-1985
300243094573501,-94.960000,30.046000,-12.580000,24.006048,265.176000,-241.169952,0.009460,0.009460,,0.009460,False,1980-1985
300244095312801,-95.525000,30.046000,23.970000,40.943784,60.960000,-20.016216,0.135840,0.135840,,0.135840,False,1980-1985
300250095193201,-95.326000,30.047000,-3.800000,28.267152,114.300000,-86.032848,0.057472,0.057472,,0.057472,False,1980-1985
300254094531801,-94.888000,30.049000,-6.790000,25.118568,400.507200,-375.388632,-0.013291,-0.013291,,-0.013291,False,1980-1985
300258095145301,-95.243000,30.066000,-23.440000,25.569672,318.820800,-293.251128,-0.013927,-0.013927,-0.027508,-0.027508,True,1980-1985
300259095320101,-95.534000,30.050000,-1.860000,42.675048,153.009600,-110.334552,0.069587,0.069587,,0.069587,False,1980-1985
300308095071401,-95.121000,30.052000,-8.520000,20.345400,173.736000,-153.390600,0.055384,0.055384,,0.055384,False,1980-1985
300308095071402,-95.121000,30.052000,-8.220000,20.345400,153.314400,-132.969000,0.061176,0.061176,,0.061176,False,1980-1985
300319095244101,-95.412000,30.056000,-20.350000,33.637728,115.824000,-82.186272,0.042944,0.042944,,0.042944,False,1980-1985
300322095230601,-95.385000,30.056000,-59.330000,31.885128,357.835200,-325.950072,0.096044,0.096044,,0.096044,False,1980-1985
300334095113401,-95.189000,30.063000,-20.090000,22.000464,335.280000,-313.279536,0.030656,0.030656,,0.030656,False,1980-1985
300345095245201,-95.415000,30.063000,12.860000,34.283904,66.751200,-32.467296,0.151572,0.150000,,0.150000,False,1980-1985
300350095224901,-95.381000,30.064000,-24.850000,32.866584,170.688000,-137.821416,0.050900,0.050900,,0.050900,False,1980-1985
300408095115201,-95.198000,30.069000,-14.040000,22.768560,323.088000,-300.319440,0.002644,0.002644,,0.002644,False,1980-1985
300408095485701,-95.816000,30.069000,45.260000,75.133200,353.568000,-278.434800,-0.005291,-0.005291,0.010538,0.010538,True,1980-1985
300413095002201,-95.007000,30.071000,-10.070000,25.740360,309.981600,-284.241240,0.013407,0.013407,,0.013407,False,1980-1985
300415095475901,-95.800000,30.071000,47.790000,71.368920,109.728000,-38.359080,-0.001768,-0.001768,0.010538,0.010538,True,1980-1985
300417095271401,-95.454000,30.072000,-47.320000,38.816280,319.430400,-280.614120,0.081088,0.081088,,0.081088,False,1980-1985
300418095330601,-95.552000,30.072000,-1.860000,43.888152,124.053600,-80.165448,0.104626,0.104626,,0.104626,False,1980-1985
300419095154301,-95.262000,30.071000,-19.950000,26.410920,446.532000,-420.121080,-0.005326,-0.005326,-0.027508,-0.027508,True,1980-1985
300420095293701,-95.494000,30.073000,-9.210000,42.458640,192.633600,-150.174960,0.105810,0.105810,,0.105810,False,1980-1985
300431095452501,-95.757000,30.076000,34.740000,69.814440,99.974400,-30.159960,0.056577,0.056577,,0.056577,False,1980-1985
300440095331801,-95.555000,30.078000,-0.620000,45.113448,167.640000,-122.526552,0.163973,0.150000,0.193463,0.193463,True,1980-1985
300440095331802,-95.555000,30.078000,10.230000,45.113448,111.556800,-66.443352,0.165992,0.150000,0.193463,0.193463,True,1980-1985
300447095253702,-95.427000,30.080000,-13.130000,37.688520,105.156000,-67.467480,0.054424,0.054424,,0.054424,False,1980-1985
300447095444101,-95.745000,30.080000,40.560000,71.271384,92.049600,-20.778216,0.039920,0.039920,,0.039920,False,1980-1985
300450095250501,-95.418000,30.081000,-29.500000,36.813744,326.745600,-289.931856,0.114316,0.114316,,0.114316,False,1980-1985
300521095365101,-95.614000,30.089000,30.780000,55.092600,125.577600,-70.485000,0.042121,0.042121,,0.042121,False,1980-1985
300524095370701,-95.619000,30.090000,25.280000,55.946040,126.492000,-70.545960,0.060065,0.060065,,0.060065,False,1980-1985
300550095125801,-95.216000,30.098000,-1.320000,30.099000,259.080000,-228.981000,0.041094,0.041094,,0.041094,False,1980-1985
300551095365701,-95.616000,30.098000,31.460000,56.961024,92.354400,-35.393376,0.056888,0.056888,,0.056888,False,1980-1985
300556095304101,-95.512000,30.099000,3.050000,43.504104,253.898400,-210.394296,0.069771,0.069771,0.049975,0.049975,True,1980-1985
300624095302001,-95.506000,30.107000,9.900000,44.174664,117.652800,-73.478136,0.054334,0.054334,0.050031,0.050031,True,1980-1985
300624095302002,-95.506000,30.107000,9.900000,44.174664,117.348000,-73.173336,0.054334,0.054334,0.049919,0.049919,True,1980-1985
300630095373301,-95.626000,30.109000,36.940000,59.240928,135.331200,-76.090272,0.027335,0.027335,,0.027335,False,1980-1985
300637095240801,-95.402000,30.112000,-6.370000,32.141160,154.228800,-122.087640,0.129488,0.129488,,0.129488,False,1980-1985
300641095003101,-95.009000,30.112000,0.990000,24.972264,306.628800,-281.656536,0.013802,0.013802,0.014337,0.014337,True,1980-1985
300720095005201,-95.014000,30.122000,2.870000,26.258520,176.784000,-150.525480,-0.000505,-0.000505,0.014337,0.014337,True,1980-1985
300732095292101,-95.491000,30.125000,-34.210000,38.602920,265.176000,-226.573080,0.119261,0.119261,,0.119261,False,1980-1985
300736095000701,-95.002000,30.127000,3.960000,25.999440,309.372000,-283.372560,0.001589,0.001589,-0.008205,-0.008205,True,1980-1985
300742095244301,-95.412000,30.131000,6.560000,33.881568,129.540000,-95.658432,0.074038,0.074038,,0.074038,False,1980-1985
300748094554501,-94.931000,30.131000,2.380000,29.410152,122.224800,-92.814648,-0.044367,-0.044367,-0.068358,-0.068358,True,1980-1985
300753095285801,-95.483000,30.132000,5.160000,38.602920,152.400000,-113.797080,0.089630,0.089630,,0.089630,False,1980-1985
300756095000601,-95.002000,30.133000,-1.800000,26.575512,316.992000,-290.416488,0.029498,0.029498,0.033383,0.033383,True,1980-1985
300757094554201,-94.929000,30.133000,9.830000,29.849064,231.648000,-201.798936,-0.062772,-0.062772,-0.068358,-0.068358,True,1980-1985
300758095322501,-95.541000,30.133000,-9.420000,48.953928,268.224000,-219.270072,0.095410,0.095410,,0.095410,False,1980-1985
300801095393701,-95.661000,30.134000,4.410000,57.677304,195.681600,-138.004296,0.115128,0.115128,,0.115128,False,1980-1985
300808095324801,-95.547000,30.136000,30.360000,53.620416,109.728000,-56.107584,0.086382,0.086382,,0.086382,False,1980-1985
300809095442601,-95.741000,30.136000,47.310000,66.330576,107.594400,-41.263824,0.000398,0.000398,,0.000398,False,1980-1985
300814095393001,-95.659000,30.137000,46.560000,59.496960,83.515200,-24.018240,0.022047,0.022047,,0.022047,False,1980-1985
300818095284701,-95.480000,30.139000,11.990000,35.567112,112.776000,-77.208888,0.110839,0.110839,,0.110839,False,1980-1985
300820095254601,-95.430000,30.139000,8.870000,34.930080,112.776000,-77.845920,0.113255,0.113255,,0.113255,False,1980-1985
300831095173401,-95.292000,30.142000,1.450000,34.652712,170.688000,-136.035288,0.083414,0.083414,,0.083414,False,1980-1985
300925095132501,-95.224000,30.157000,2.250000,29.946600,188.976000,-159.029400,0.074851,0.074851,,0.074851,False,1980-1985
300927095264401,-95.446000,30.158000,-29.340000,39.733728,304.190400,-264.456672,0.130451,0.130451,,0.130451,False,1980-1985
300959095222901,-95.375000,30.167000,17.460000,28.748736,93.573600,-64.824864,0.111241,0.111241,,0.111241,False,1980-1985
301012095265401,-95.449000,30.170000,1.050000,43.705272,158.496000,-114.790728,0.120993,0.120993,0.146647,0.146647,True,1980-1985
301052095265501,-95.449000,30.181000,-19.790000,43.327320,300.228000,-256.900680,0.154861,0.150000,0.146647,0.146647,True,1980-1985
301107095472201,-95.790000,30.186000,31.200000,78.229968,162.153600,-83.923632,0.063192,0.063192,,0.063192,False,1980-1985
301107095472202,-95.790000,30.186000,56.620000,78.229968,92.964000,-14.734032,-0.020421,-0.020421,,-0.020421,False,1980-1985
301152095152701,-95.258000,30.198000,16.820000,34.521648,122.529600,-88.007952,0.105889,0.105889,,0.105889,False,1980-1985
301233095450104,-95.751000,30.209000,28.810000,83.189064,189.585600,-106.396536,-0.022901,-0.022901,,-0.022901,False,1980-1985
301338095272301,-95.457000,30.227000,30.780000,38.490144,67.665600,-29.175456,0.037053,0.037053,,0.037053,False,1980-1985
301444095092401,-95.157000,30.246000,21.040000,36.838128,123.444000,-86.605872,-0.018092,-0.018092,,-0.018092,False,1980-1985
301532095262401,-95.440000,30.259000,16.980000,43.519344,380.390400,-336.871056,-0.074174,-0.074174,,-0.074174,False,1980-1985
301602095221501,-95.371000,30.267000,38.150000,49.097184,60.960000,-11.862816,-0.064187,-0.064187,,-0.064187,False,1980-1985
301608094582401,-94.974000,30.269000,24.790000,38.968680,191.109600,-152.140920,-0.077891,-0.077891,,-0.077891,False,1980-1985
301616095293801,-95.494000,30.271000,13.490000,38.258496,167.640000,-129.381504,0.000142,0.000142,,0.000142,False,1980-1985
302003095315501,-95.532000,30.334000,11.750000,45.079920,131.064000,-85.984080,-0.028184,-0.028184,,-0.028184,False,1980-1985
302014095343202,-95.576000,30.337000,42.570000,60.752736,146.608800,-85.856064,-0.107787,-0.107787,,-0.107787,False,1980-1985
302040095050701,-95.086000,30.345000,28.920000,48.170592,257.556000,-209.385408,-0.026002,-0.026002,,-0.026002,False,1980-1985
302048095335201,-95.565000,30.347000,41.040000,60.466224,137.160000,-76.693776,-0.101347,-0.101347,,-0.101347,False,1980-1985
302053095290001,-95.484000,30.348000,36.110000,80.610456,164.592000,-83.981544,-0.114695,-0.114695,-0.127090,-0.127090,True,1980-1985
302125095310001,-95.517000,30.357000,44.820000,78.812136,126.492000,-47.679864,-0.109297,-0.109297,,-0.109297,False,1980-1985
302130095280201,-95.468000,30.359000,49.470000,79.119984,268.224000,-189.104016,-0.121614,-0.121614,-0.127090,-0.127090,True,1980-1985
302154094590701,-94.985000,30.366000,37.470000,46.707552,153.009600,-106.302048,-0.123742,-0.123742,,-0.123742,False,1980-1985
302156095001501,-95.004000,30.366000,40.740000,46.094904,137.769600,-91.674696,-0.132221,-0.132221,,-0.132221,False,1980-1985
302331095283101,-95.476000,30.392000,59.100000,93.469968,158.496000,-65.026032,-0.109495,-0.109495,,-0.109495,False,1980-1985
302353094593701,-94.994000,30.399000,37.740000,48.591216,254.508000,-205.916784,-0.136966,-0.136966,,-0.136966,False,1980-1985
305651094504701,-94.847000,29.948000,-8.900000,15.026640,89.306400,-74.279760,0.028089,0.028089,,0.028089,False,1980-1985
